ProductID,Title,URL,Image,Description,Currency,RetailPrice,CurrentPrice,Availability
BRS14007140,แบรนด์ แอคทีฟมูฟ 30 เม็ด,https://store.brandsworld.co.th/%E0%B8%9C%E0%B8%A5%E0%B8%B4%E0%B8%95%E0%B8%A0%E0%B8%B1%E0%B8%93%E0%B8%91%E0%B9%8C%E0%B9%81%E0%B8%9A%E0%B8%A3%E0%B8%99%E0%B8%94%E0%B9%8C/%E0%B8%9C%E0%B8%A5%E0%B8%B4%E0%B8%95%E0%B8%A0%E0%B8%B1%E0%B8%93%E0%B8%91%E0%B9%8C/%E0%B9%81%E0%B8%9A%E0%B8%A3%E0%B8%99%E0%B8%94%E0%B9%8C%E0%B9%80%E0%B8%AD%E0%B9%87%E0%B8%81%E0%B8%8B%E0%B9%8C%E0%B8%84%E0%B8%A5%E0%B8%B9%E0%B8%8B%E0%B8%B5%E0%B8%9F/%E0%B9%81%E0%B8%9A%E0%B8%A3%E0%B8%99%E0%B8%94%E0%B9%8C-%E0%B9%81%E0%B8%AD%E0%B8%84%E0%B8%97%E0%B8%B5%E0%B8%9F%E0%B8%A1%E0%B8%B9%E0%B8%9F-30-%E0%B9%80%E0%B8%A1%E0%B9%87%E0%B8%94/p/000000000014007140?productArs=false,https://store.brandsworld.co.th/medias/sys_master/images/images/h32/hd5/9209367363614/14006593-1200x1200.jpg,ดูแลตัวเองตั้งแต่วันนี้ ด้วยแบรนด์แอคทีฟมูฟ ที่มีคอลลาเจนไทพ์ทูถึง 2 ชนิด คือ อันดีเนเจอร์คอลลาเจนไทพ์ทู และไฮโดรไลซ์คอลลาเจนไทพ์ทู และมีวิตามินซีสูง,THB,1260,1260,1
BRS14007143,เเบรนด์ สารสกัดจากแบล็กเคอร์แรนท์ ผสมลูทีนและซีแซนทีน 60 เม็ด,https://store.brandsworld.co.th/Mayday-Sale/%E0%B9%81%E0%B8%9A%E0%B8%A3%E0%B8%99%E0%B8%94%E0%B9%8C-%E0%B8%AA%E0%B8%B2%E0%B8%A3%E0%B8%AA%E0%B8%81%E0%B8%B1%E0%B8%94%E0%B8%88%E0%B8%B2%E0%B8%81%E0%B9%81%E0%B8%9A%E0%B8%A5%E0%B9%87%E0%B8%81%E0%B9%80%E0%B8%84%E0%B8%AD%E0%B8%A3%E0%B9%8C%E0%B9%81%E0%B8%A3%E0%B8%99%E0%B8%97%E0%B9%8C-%E0%B8%9C%E0%B8%AA%E0%B8%A1%E0%B8%A5%E0%B8%B9%E0%B8%97%E0%B8%B5%E0%B8%99%E0%B9%81%E0%B8%A5%E0%B8%B0%E0%B8%8B%E0%B8%B5%E0%B9%81%E0%B8%8B%E0%B8%99%E0%B8%97%E0%B8%B5%E0%B8%99-60-%E0%B9%80%E0%B8%A1%E0%B9%87%E0%B8%94/p/000000000014007143?productArs=false,https://store.brandsworld.co.th/extdata/ctl/images/102019/BRS14004982_800x800.jpg,ผลิตภัณฑ์เสริมอาหาร ผสานคุณประโยชน์จากแบล็กเคอร์แรนท์ ที่มีแอนโทไซยานิน ลูทีน และซีแซนทีน,THB,1220,1220,1
BRS14007614,แบรนด์ อินเนอร์ไชน์ รูบีคอลลาเจน เอสเซนซ์สตริป 1 กล่อง 10 ซอง,https://store.brandsworld.co.th/Mayday-Sale/%E0%B9%81%E0%B8%9A%E0%B8%A3%E0%B8%99%E0%B8%94%E0%B9%8C%E0%B8%AD%E0%B8%B4%E0%B8%99%E0%B9%80%E0%B8%99%E0%B8%AD%E0%B8%A3%E0%B9%8C%E0%B9%84%E0%B8%8A%E0%B8%99%E0%B9%8C-%E0%B8%A3%E0%B8%B9%E0%B8%9A%E0%B8%B5%E0%B8%84%E0%B8%AD%E0%B8%A5%E0%B8%A5%E0%B8%B2%E0%B9%80%E0%B8%88%E0%B8%99-%E0%B9%80%E0%B8%AD%E0%B8%AA%E0%B9%80%E0%B8%8B%E0%B8%99%E0%B8%8B%E0%B9%8C%E0%B8%AA%E0%B8%95%E0%B8%A3%E0%B8%B4%E0%B8%9B/p/000000000014007614?productArs=false,https://store.brandsworld.co.th/extdata/ctl/images/102019/BRS14005101_800x800.jpg,ผลิตภัณฑ์เสริมอาหารแอสตาแซนธิน ผสมมารีนคอลลาเจนเปปไทด์ ในรูปแบบของเจลลี่ อร่อยด้วยรสชาติผลทับทิม และผลิตในประเทศญี่ปุ่น,THB,910,910,1
BRS14007147,แบรนด์ เรดมารีนฟิชออยล์ 60 แคปซูล,https://store.brandsworld.co.th/%E0%B8%9C%E0%B8%A5%E0%B8%B4%E0%B8%95%E0%B8%A0%E0%B8%B1%E0%B8%93%E0%B8%91%E0%B9%8C%E0%B9%81%E0%B8%9A%E0%B8%A3%E0%B8%99%E0%B8%94%E0%B9%8C/%E0%B8%9C%E0%B8%A5%E0%B8%B4%E0%B8%95%E0%B8%A0%E0%B8%B1%E0%B8%93%E0%B8%91%E0%B9%8C/%E0%B9%81%E0%B8%9A%E0%B8%A3%E0%B8%99%E0%B8%94%E0%B9%8C%E0%B9%80%E0%B8%AD%E0%B9%87%E0%B8%81%E0%B8%8B%E0%B9%8C%E0%B8%84%E0%B8%A5%E0%B8%B9%E0%B8%8B%E0%B8%B5%E0%B8%9F/%E0%B9%81%E0%B8%9A%E0%B8%A3%E0%B8%99%E0%B8%94%E0%B9%8C-%E0%B9%80%E0%B8%A3%E0%B8%94%E0%B8%A1%E0%B8%B2%E0%B8%A3%E0%B8%B5%E0%B8%99%E0%B8%9F%E0%B8%B4%E0%B8%8A%E0%B8%AD%E0%B8%AD%E0%B8%A2%E0%B8%A5%E0%B9%8C-60-%E0%B9%81%E0%B8%84%E0%B8%9B%E0%B8%8B%E0%B8%B9%E0%B8%A5/p/000000000014005717?productArs=false,https://store.brandsworld.co.th/extdata/ctl/images/012020/14005717_800x800.jpg,ผลิตภัณฑ์เสริมอาหารน้ำมันปลา ที่มีโอเมก้า 3 (Omega-3) ผสานคุณประโยชน์ของแอสตาแซนธิน และวิตามินอี มีส่วนช่วยในกระบวนการต่อต้านอนุมูลอิสระ,THB,660,660,1
BRS14006035,แบรนด์อินเนอร์ไชน์ โพรไบโอ 1 แพ็ค 30 ซอง,https://store.brandsworld.co.th/%E0%B8%9C%E0%B8%A5%E0%B8%B4%E0%B8%95%E0%B8%A0%E0%B8%B1%E0%B8%93%E0%B8%91%E0%B9%8C%E0%B9%81%E0%B8%9A%E0%B8%A3%E0%B8%99%E0%B8%94%E0%B9%8C/%E0%B8%9C%E0%B8%A5%E0%B8%B4%E0%B8%95%E0%B8%A0%E0%B8%B1%E0%B8%93%E0%B8%91%E0%B9%8C/%E0%B9%81%E0%B8%9A%E0%B8%A3%E0%B8%99%E0%B8%94%E0%B9%8C%E0%B9%80%E0%B8%AD%E0%B9%87%E0%B8%81%E0%B8%8B%E0%B9%8C%E0%B8%84%E0%B8%A5%E0%B8%B9%E0%B8%8B%E0%B8%B5%E0%B8%9F/%E0%B9%81%E0%B8%9A%E0%B8%A3%E0%B8%99%E0%B8%94%E0%B9%8C%E0%B8%AD%E0%B8%B4%E0%B8%99%E0%B9%80%E0%B8%99%E0%B8%AD%E0%B8%A3%E0%B9%8C%E0%B9%84%E0%B8%8A%E0%B8%99%E0%B9%8C-%E0%B9%82%E0%B8%9E%E0%B8%A3%E0%B9%84%E0%B8%9A%E0%B9%82%E0%B8%AD/p/000000000014006035?utm_source=shoppingads&utm_medium=cpc&utm_campaign=shopping_ads_probio&utm_term=shopping_ads&utm_content=probio,https://store.brandsworld.co.th/extdata/ctl/images/072020/BRS14005973.jpg,ด้วย สูตรซินไบโอติก (Synbiotic) เฉพาะของแบรนด์อินเนอร์ไชน์ โพรไบโอ ประกอบด้วยจุลินทร์ทรีย์โพรไบโอติกส์ และมีใยอาหาร เพิ่มกากในระบบทางเดินอาหารช่วยกระตุ้นการขับถ่าย,THB,1080,1080,1
BRS14006522,แบรนด์ เอ็ม-โอ-พลัส 120 เม็ด,https://store.brandsworld.co.th/%E0%B8%9C%E0%B8%A5%E0%B8%B4%E0%B8%95%E0%B8%A0%E0%B8%B1%E0%B8%93%E0%B8%91%E0%B9%8C%E0%B9%81%E0%B8%9A%E0%B8%A3%E0%B8%99%E0%B8%94%E0%B9%8C/%E0%B8%9C%E0%B8%A5%E0%B8%B4%E0%B8%95%E0%B8%A0%E0%B8%B1%E0%B8%93%E0%B8%91%E0%B9%8C/%E0%B9%81%E0%B8%9A%E0%B8%A3%E0%B8%99%E0%B8%94%E0%B9%8C%E0%B9%80%E0%B8%AD%E0%B9%87%E0%B8%81%E0%B8%8B%E0%B9%8C%E0%B8%84%E0%B8%A5%E0%B8%B9%E0%B8%8B%E0%B8%B5%E0%B8%9F/%E0%B9%81%E0%B8%9A%E0%B8%A3%E0%B8%99%E0%B8%94%E0%B9%8C-%E0%B9%80%E0%B8%AD%E0%B9%87%E0%B8%A1-%E0%B9%82%E0%B8%AD-%E0%B8%9E%E0%B8%A5%E0%B8%B1%E0%B8%AA/p/000000000014006522?utm_source=shoppingads&utm_medium=cpc&utm_campaign=shopping_ads_memoplus&utm_term=shopping_ads&utm_content=memoplus,https://store.brandsworld.co.th/extdata/ctl/images/2021/06/product/BRS14006522.jpg,ผลิตภัณฑ์เสริมอาหารไฮโดรไลซ์เปปไทด์จากไก่ผสมแคลเซียมและวิตามินอี ผสาน 3 คุณค่าสำคัญ PROBEPTIGEN? (โปรเบปทิเจน) วิตามินอี และแคลเซียม,THB,1650,1650,1
BRS14007220,ซันโทรี่ คิวามิ กรีนส์ 30 ซอง,https://store.brandsworld.co.th/%E0%B8%9C%E0%B8%A5%E0%B8%B4%E0%B8%95%E0%B8%A0%E0%B8%B1%E0%B8%93%E0%B8%91%E0%B9%8C%E0%B9%81%E0%B8%9A%E0%B8%A3%E0%B8%99%E0%B8%94%E0%B9%8C/%E0%B8%9C%E0%B8%A5%E0%B8%B4%E0%B8%95%E0%B8%A0%E0%B8%B1%E0%B8%93%E0%B8%91%E0%B9%8C/%E0%B9%81%E0%B8%9A%E0%B8%A3%E0%B8%99%E0%B8%94%E0%B9%8C%E0%B9%80%E0%B8%AD%E0%B9%87%E0%B8%81%E0%B8%8B%E0%B9%8C%E0%B8%84%E0%B8%A5%E0%B8%B9%E0%B8%8B%E0%B8%B5%E0%B8%9F/%E0%B8%8B%E0%B8%B1%E0%B8%99%E0%B9%82%E0%B8%97%E0%B8%A3%E0%B8%B5%E0%B9%88-%E0%B8%84%E0%B8%B4%E0%B8%A7%E0%B8%B2%E0%B8%A1%E0%B8%B4-%E0%B8%81%E0%B8%A3%E0%B8%B5%E0%B8%99%E0%B8%AA%E0%B9%8C/p/000000000014007220?productArs=false,https://store.brandsworld.co.th/extdata/ctl/images/2021/07/product/BRS14006661.jpg,สินค้าใหม่! ซันโทรี่ คิวามิ กรีนส์ เติมคุณค่าสารอาหารจากธรรมชาติ ทางเลือกใหม่ในการเติมสารอาหาร เกลือแร่ วิตามิน และใยอาหารจากผักให้แก่ร่างกาย,THB,1650,1650,1
BRS14007613,ซันโทรี่ คุโรสุ การ์ลิค 60 แคปซูล,https://store.brandsworld.co.th/SolidProducts/%E0%B8%8B%E0%B8%B1%E0%B8%99%E0%B9%82%E0%B8%97%E0%B8%A3%E0%B8%B5%E0%B9%88-%E0%B8%84%E0%B8%B8%E0%B9%82%E0%B8%A3%E0%B8%AA%E0%B8%B8-%E0%B8%81%E0%B8%B2%E0%B8%A3%E0%B9%8C%E0%B8%A5%E0%B8%B4%E0%B8%84/p/000000000014007613?productArs=false,https://store.brandsworld.co.th/medias/14007039-1200x1200.jpg?context=bWFzdGVyfGltYWdlc3w3NTg0NDd8aW1hZ2UvanBlZ3xoM2IvaGU0LzkyODAyOTE0Mzg2MjIvMTQwMDcwMzlfMTIwMHgxMjAwLmpwZ3xjNTBjNmQ0NGVlZWEyZDg0ZDI5OTNiZTUzZmVkODExNWQ2OTFhNGY4Yzc3YmU0OGQxNmMwMmYzMjNkMmZkMDg5,ซันโทรี่ คุโรสุ การ์ลิค ผลิตภัณฑ์เสริมอาหารที่ผสานคุณค่าของกระเทียมและคุโรสุ ให้กรดอะมิโนที่จำเป็น วิตามินและแร่ธาตุต่างๆ เพื่อให้คุณพร้อมไปกับทุกกิจกรรมได้อย่างมั่นใจ,THB,720,720,1
BRS14008038,แบรนด์อินเนอร์ไชน์ โพรไบโอ เอส 1 แพ็ค 30 ซอง,https://store.brandsworld.co.th/%E0%B8%9C%E0%B8%A5%E0%B8%B4%E0%B8%95%E0%B8%A0%E0%B8%B1%E0%B8%93%E0%B8%91%E0%B9%8C%E0%B9%81%E0%B8%9A%E0%B8%A3%E0%B8%99%E0%B8%94%E0%B9%8C/%E0%B8%9C%E0%B8%A5%E0%B8%B4%E0%B8%95%E0%B8%A0%E0%B8%B1%E0%B8%93%E0%B8%91%E0%B9%8C/%E0%B9%81%E0%B8%9A%E0%B8%A3%E0%B8%99%E0%B8%94%E0%B9%8C%E0%B9%80%E0%B8%AD%E0%B9%87%E0%B8%81%E0%B8%8B%E0%B9%8C%E0%B8%84%E0%B8%A5%E0%B8%B9%E0%B8%8B%E0%B8%B5%E0%B8%9F/%E0%B9%81%E0%B8%9A%E0%B8%A3%E0%B8%99%E0%B8%94%E0%B9%8C%E0%B8%AD%E0%B8%B4%E0%B8%99%E0%B9%80%E0%B8%99%E0%B8%AD%E0%B8%A3%E0%B9%8C%E0%B9%84%E0%B8%8A%E0%B8%99%E0%B9%8C-%E0%B9%82%E0%B8%9E%E0%B8%A3%E0%B9%84%E0%B8%9A%E0%B9%82%E0%B8%AD-%E0%B9%80%E0%B8%AD%E0%B8%AA/p/000000000014008038?productArs=false,https://store.brandsworld.co.th/medias/14008038-1200x1200.jpg?context=bWFzdGVyfGltYWdlc3w0MzcyMzN8aW1hZ2UvanBlZ3xhRGcxTDJnd01DODVOak0yTnpJNE5UWTVPRGcyTHpFME1EQTRNRE00WHpFeU1EQjRNVEl3TUM1cWNHY3xlZmMzNDdmMjFlMDM1NGZjMDcyYWRiNWE4NzE4OTUxZDFmZWE5OTk5ZTg2ZDE1MWZjYjE0N2Y1OTk3NjEyZjM1,แบรนด์ อินเนอร์ไชน์โพรไบโอ เอส ผลิตภัณฑ์เสริมอาหารโพรไบโอติก ประกอบด้วยจุลินทร์ทรีย์โพรไบโอติก และมีใยอาหาร เพิ่มกากในระบบทางเดินอาหารช่วยกระตุ้นการขับถ่าย ผสานคุณค่าจากผงส้มบลัดออเรนจ์ สำหรับผงส้มบลัดออเรนจ์ มีรายงานการวิจัยระบุว่า มีสารสำคัญที่อุดมไปด้วยสารแอนโทไซยานิน ซึ่งเป็นสารต่อต้านอนุมูลอิสระชนิดหนึ่ง ซึ่งมีส่วนช่วยในการควบคุมไขมันในร่างกาย,THB,1280,1280,1
BRS14005970,แบรนด์ เรดมารีนฟิชออยล์ 20 แคปซูล,https://store.brandsworld.co.th/%E0%B8%9C%E0%B8%A5%E0%B8%B4%E0%B8%95%E0%B8%A0%E0%B8%B1%E0%B8%93%E0%B8%91%E0%B9%8C%E0%B9%81%E0%B8%9A%E0%B8%A3%E0%B8%99%E0%B8%94%E0%B9%8C/%E0%B8%9C%E0%B8%A5%E0%B8%B4%E0%B8%95%E0%B8%A0%E0%B8%B1%E0%B8%93%E0%B8%91%E0%B9%8C/%E0%B9%81%E0%B8%9A%E0%B8%A3%E0%B8%99%E0%B8%94%E0%B9%8C%E0%B9%80%E0%B8%AD%E0%B9%87%E0%B8%81%E0%B8%8B%E0%B9%8C%E0%B8%84%E0%B8%A5%E0%B8%B9%E0%B8%8B%E0%B8%B5%E0%B8%9F/%E0%B9%81%E0%B8%9A%E0%B8%A3%E0%B8%99%E0%B8%94%E0%B9%8C-%E0%B9%80%E0%B8%A3%E0%B8%94%E0%B8%A1%E0%B8%B2%E0%B8%A3%E0%B8%B5%E0%B8%99%E0%B8%9F%E0%B8%B4%E0%B8%8A%E0%B8%AD%E0%B8%AD%E0%B8%A2%E0%B8%A5%E0%B9%8C-20-%E0%B9%81%E0%B8%84%E0%B8%9B%E0%B8%8B%E0%B8%B9%E0%B8%A5/p/000000000014005970?utm_source=shoppingads&utm_medium=cpc&utm_campaign=shopping_ads_rmfo_sampling&utm_term=shopping_ads&utm_content=rmfo_sampling,https://store.brandsworld.co.th/extdata/ctl/images/2021/02/products/BRS14005970.jpg,สินค้าแพคทดลอง ผลิตภัณฑ์เสริมอาหารน้ำมันปลา ที่มีโอเมก้า 3 (Omega-3) ประกอบด้วยกรดไขมันไม่อิ่มตัว ได้แก่ อีพีเอ (EPA) และ ดีเอชเอ (DHA) และวิตามินอี,THB,250,250,1
BRS14005969,แบรนด์ แอคทีฟมูฟ 10 เม็ด,https://store.brandsworld.co.th/%E0%B8%9C%E0%B8%A5%E0%B8%B4%E0%B8%95%E0%B8%A0%E0%B8%B1%E0%B8%93%E0%B8%91%E0%B9%8C%E0%B9%81%E0%B8%9A%E0%B8%A3%E0%B8%99%E0%B8%94%E0%B9%8C/%E0%B8%9C%E0%B8%A5%E0%B8%B4%E0%B8%95%E0%B8%A0%E0%B8%B1%E0%B8%93%E0%B8%91%E0%B9%8C/%E0%B9%81%E0%B8%9A%E0%B8%A3%E0%B8%99%E0%B8%94%E0%B9%8C%E0%B9%80%E0%B8%AD%E0%B9%87%E0%B8%81%E0%B8%8B%E0%B9%8C%E0%B8%84%E0%B8%A5%E0%B8%B9%E0%B8%8B%E0%B8%B5%E0%B8%9F/%E0%B9%81%E0%B8%9A%E0%B8%A3%E0%B8%99%E0%B8%94%E0%B9%8C-%E0%B9%81%E0%B8%AD%E0%B8%84%E0%B8%97%E0%B8%B5%E0%B8%9F%E0%B8%A1%E0%B8%B9%E0%B8%9F-10-%E0%B9%80%E0%B8%A1%E0%B9%87%E0%B8%94/p/000000000014005969?utm_source=shoppingads&utm_medium=cpc&utm_campaign=shopping_ads_activmove_sampling&utm_term=shopping_ads&utm_content=activmove_sampling,https://store.brandsworld.co.th/extdata/ctl/images/2021/02/products/BRS14005969.jpg,สินค้าแพคทดลอง ผลิตภัณฑ์เสริมอาหาร มีวิตามินซีสูง มีส่วนช่วยในการสร้างเนื้อเยื่อคอลลาเจน และเนื้อเยื่อของเอ็นกระดูกอ่อน,THB,480,480,1
BRS14006034,แบรนด์อินเนอร์ไชน์ โพรไบโอ 10 ซอง,https://store.brandsworld.co.th/%E0%B8%9C%E0%B8%A5%E0%B8%B4%E0%B8%95%E0%B8%A0%E0%B8%B1%E0%B8%93%E0%B8%91%E0%B9%8C%E0%B9%81%E0%B8%9A%E0%B8%A3%E0%B8%99%E0%B8%94%E0%B9%8C/%E0%B8%9C%E0%B8%A5%E0%B8%B4%E0%B8%95%E0%B8%A0%E0%B8%B1%E0%B8%93%E0%B8%91%E0%B9%8C/%E0%B9%81%E0%B8%9A%E0%B8%A3%E0%B8%99%E0%B8%94%E0%B9%8C%E0%B9%80%E0%B8%AD%E0%B9%87%E0%B8%81%E0%B8%8B%E0%B9%8C%E0%B8%84%E0%B8%A5%E0%B8%B9%E0%B8%8B%E0%B8%B5%E0%B8%9F/%E0%B9%81%E0%B8%9A%E0%B8%A3%E0%B8%99%E0%B8%94%E0%B9%8C%E0%B8%AD%E0%B8%B4%E0%B8%99%E0%B9%80%E0%B8%99%E0%B8%AD%E0%B8%A3%E0%B9%8C%E0%B9%84%E0%B8%8A%E0%B8%99%E0%B9%8C-%E0%B9%82%E0%B8%9E%E0%B8%A3%E0%B9%84%E0%B8%9A%E0%B9%82%E0%B8%AD-10-%E0%B8%8B%E0%B8%AD%E0%B8%87/p/000000000014006034?utm_source=shopping_ads&utm_medium=cpc&utm_campaign=shopping_ads_awo_probio_sampling&utm_term=shopping_ads&utm_content=probio_10_sachets,https://store.brandsworld.co.th/extdata/ctl/images/2021/02/products/BRS14005968.jpg,สินค้าแพคทดลอง ผลิตภัณฑ์เสริมอาหารโพรไบโอติก ด้วย สูตรซินไบโอติก (Synbiotic) เฉพาะของแบรนด์อินเนอร์ไชน์ โพรไบโอ,THB,410,410,1
BRS14007130,แบรนด์เม็ด ซุปไก่สกัดผสมวิตามินบีคอมเพล็กซ์ และธาตุเหล็ก 60 เม็ด,https://store.brandsworld.co.th/Buy2SaveMore2/%E0%B9%81%E0%B8%9A%E0%B8%A3%E0%B8%99%E0%B8%94%E0%B9%8C%E0%B9%80%E0%B8%A1%E0%B9%87%E0%B8%94-%E0%B8%8B%E0%B8%B8%E0%B8%9B%E0%B9%84%E0%B8%81%E0%B9%88%E0%B8%AA%E0%B8%81%E0%B8%B1%E0%B8%94%E0%B8%9C%E0%B8%AA%E0%B8%A1%E0%B8%A7%E0%B8%B4%E0%B8%95%E0%B8%B2%E0%B8%A1%E0%B8%B4%E0%B8%99%E0%B8%9A%E0%B8%B5%E0%B8%84%E0%B8%AD%E0%B8%A1%E0%B9%80%E0%B8%9E%E0%B8%A5%E0%B9%87%E0%B8%81%E0%B8%8B%E0%B9%8C-%E0%B9%81%E0%B8%A5%E0%B8%B0%E0%B8%98%E0%B8%B2%E0%B8%95%E0%B8%B8%E0%B9%80%E0%B8%AB%E0%B8%A5%E0%B9%87%E0%B8%81-60-%E0%B9%80%E0%B8%A1%E0%B9%87%E0%B8%94/p/000000000014007130?productArs=false,https://store.brandsworld.co.th/medias/14000007-2-1200x1200.png?context=bWFzdGVyfGltYWdlc3wxNzc5NzV8aW1hZ2UvcG5nfGltYWdlcy9oODQvaGIzLzkwNzYxODc2Mjc1NTAucG5nfDBlYjU3Y2VkYmRjOTUyZjQyM2I4YTI0Y2Y0MjQ0ZDM2ZDVhMjI2OWFmOTYyNjdhZDIyYmIyY2RiODBlYTUzNDY,ซุปไก่สกัดแบบเม็ดพกพาง่าย ผสานคุณค่าของซุปไก่สกัด กับวิตามินบีคอมเพล็กซ์ 8 ชนิด มีวิตามินบี12 สูง ช่วยในการทำงานของระบบประสาทและสมอง,THB,492,450,1
BRS14007131,แบรนด์เม็ด ซุปไก่สกัดผสมสารสกัดจากใบแปะก๊วยและโสม 30 เม็ด,https://store.brandsworld.co.th/%E0%B8%9C%E0%B8%A5%E0%B8%B4%E0%B8%95%E0%B8%A0%E0%B8%B1%E0%B8%93%E0%B8%91%E0%B9%8C%E0%B9%81%E0%B8%9A%E0%B8%A3%E0%B8%99%E0%B8%94%E0%B9%8C/%E0%B8%9C%E0%B8%A5%E0%B8%B4%E0%B8%95%E0%B8%A0%E0%B8%B1%E0%B8%93%E0%B8%91%E0%B9%8C/%E0%B9%81%E0%B8%9A%E0%B8%A3%E0%B8%99%E0%B8%94%E0%B9%8C%E0%B8%8B%E0%B8%B8%E0%B8%9B%E0%B9%84%E0%B8%81%E0%B9%88%E0%B8%AA%E0%B8%81%E0%B8%B1%E0%B8%94%E0%B8%AA%E0%B8%B9%E0%B8%95%E0%B8%A3%E0%B8%9C%E0%B8%AA%E0%B8%A1%E0%B8%AA%E0%B8%A1%E0%B8%B8%E0%B8%99%E0%B9%84%E0%B8%9E%E0%B8%A3/%E0%B9%81%E0%B8%9A%E0%B8%A3%E0%B8%99%E0%B8%94%E0%B9%8C%E0%B9%80%E0%B8%A1%E0%B9%87%E0%B8%94-%E0%B8%8B%E0%B8%B8%E0%B8%9B%E0%B9%84%E0%B8%81%E0%B9%88%E0%B8%AA%E0%B8%81%E0%B8%B1%E0%B8%94%E0%B8%9C%E0%B8%AA%E0%B8%A1%E0%B8%AA%E0%B8%B2%E0%B8%A3%E0%B8%AA%E0%B8%81%E0%B8%B1%E0%B8%94%E0%B8%88%E0%B8%B2%E0%B8%81%E0%B9%83%E0%B8%9A%E0%B9%81%E0%B8%9B%E0%B8%B0%E0%B8%81%E0%B9%8A%E0%B8%A7%E0%B8%A2%E0%B9%81%E0%B8%A5%E0%B8%B0%E0%B9%82%E0%B8%AA%E0%B8%A1/p/000000000014007131?productArs=false,https://store.brandsworld.co.th/extdata/ctl/images/102019/BRS14001228_800x800.jpg,ซุปไก่สกัดแบบเม็ดพกพาง่าย ผสานคุณค่าของซุปไก่สกัดกับสารสกัดจากใบแป๊ะก๊วยและโสม เติมสิ่งดีๆ ทุกเช้า,THB,492,450,1
BRS14007052,แบรนด์ ซุปไก่สกัดสูตรต้นตำรับ 42 มล. 12 ขวด,https://store.brandsworld.co.th/%E0%B8%9C%E0%B8%A5%E0%B8%B4%E0%B8%95%E0%B8%A0%E0%B8%B1%E0%B8%93%E0%B8%91%E0%B9%8C%E0%B9%81%E0%B8%9A%E0%B8%A3%E0%B8%99%E0%B8%94%E0%B9%8C/%E0%B8%9C%E0%B8%A5%E0%B8%B4%E0%B8%95%E0%B8%A0%E0%B8%B1%E0%B8%93%E0%B8%91%E0%B9%8C/%E0%B9%81%E0%B8%9A%E0%B8%A3%E0%B8%99%E0%B8%94%E0%B9%8C%E0%B8%8B%E0%B8%B8%E0%B8%9B%E0%B9%84%E0%B8%81%E0%B9%88%E0%B8%AA%E0%B8%81%E0%B8%B1%E0%B8%94/%E0%B9%81%E0%B8%9A%E0%B8%A3%E0%B8%99%E0%B8%94%E0%B9%8C-%E0%B8%8B%E0%B8%B8%E0%B8%9B%E0%B9%84%E0%B8%81%E0%B9%88%E0%B8%AA%E0%B8%81%E0%B8%B1%E0%B8%94%E0%B8%AA%E0%B8%B9%E0%B8%95%E0%B8%A3%E0%B8%95%E0%B9%89%E0%B8%99%E0%B8%95%E0%B8%B3%E0%B8%A3%E0%B8%B1%E0%B8%9A-42-%E0%B8%A1%E0%B8%A5-/p/000000000014007052?productArs=false,https://store.brandsworld.co.th/medias/14007052-1200x1200.jpg?context=bWFzdGVyfGltYWdlc3w0MDYwNDZ8aW1hZ2UvanBlZ3xhREJpTDJnNE1pODVORFEzTWpRd05qWXpNRGN3THpFME1EQTNNRFV5WHpFeU1EQjRNVEl3TUM1cWNHY3w5YzkzYzE0OWM0ODE3NjllYWQ5ZDVjM2MzZDg3ZTMwZTliYmJhNjJjMzMxNjkzYjY2ZjdhOGQzMjk2OGJlMDQw,แบรนด์ซุปไก่สกัด ผลิตจากวัตถุดิบจากธรรมชาติ พัฒนาโดยใช้กระบวนการผลิตเอกสิทธิ์เฉพาะของแบรนด์ เติมสิ่งดีๆ ทุกเช้า,THB,429,429,1
BRS14007168,แบรนด์ ซุปไก่สกัด รสกลมกล่อม 42 มล. 12 ขวด,https://store.brandsworld.co.th/%E0%B8%9C%E0%B8%A5%E0%B8%B4%E0%B8%95%E0%B8%A0%E0%B8%B1%E0%B8%93%E0%B8%91%E0%B9%8C%E0%B9%81%E0%B8%9A%E0%B8%A3%E0%B8%99%E0%B8%94%E0%B9%8C/%E0%B8%9C%E0%B8%A5%E0%B8%B4%E0%B8%95%E0%B8%A0%E0%B8%B1%E0%B8%93%E0%B8%91%E0%B9%8C/%E0%B9%81%E0%B8%9A%E0%B8%A3%E0%B8%99%E0%B8%94%E0%B9%8C%E0%B8%8B%E0%B8%B8%E0%B8%9B%E0%B9%84%E0%B8%81%E0%B9%88%E0%B8%AA%E0%B8%81%E0%B8%B1%E0%B8%94/%E0%B9%81%E0%B8%9A%E0%B8%A3%E0%B8%99%E0%B8%94%E0%B9%8C-%E0%B8%8B%E0%B8%B8%E0%B8%9B%E0%B9%84%E0%B8%81%E0%B9%88%E0%B8%AA%E0%B8%81%E0%B8%B1%E0%B8%94-%E0%B8%A3%E0%B8%AA%E0%B8%81%E0%B8%A5%E0%B8%A1%E0%B8%81%E0%B8%A5%E0%B9%88%E0%B8%AD%E0%B8%A1-42-%E0%B8%A1%E0%B8%A5-/p/000000000014007168?productArs=false,https://store.brandsworld.co.th/medias/14007168-1200x1200.jpg?context=bWFzdGVyfGltYWdlc3w0MjczMTJ8aW1hZ2UvanBlZ3xoMTIvaGRhLzk0NDcyMzY1OTk4MzgvMTQwMDcxNjhfMTIwMHgxMjAwLmpwZ3xlMTAwMGZmYjZlYjM3YTE0Mzc3MzE2NzI4MmRiODUwOWQ2NDUyNjhiOWRhY2ZmZjE5ZmJiNmMwOTVkZDZjMzc4,รสชาติกลมกล่อม ดื่มง่ายขึ้น เหมาะสำหรับผู้เริ่มดื่ม มีผลการวิจัยทางวิทยาศาสตร์ระดับนานาชาติ ผ่านกระบวนการผลิตเอกสิทธิ์เฉพาะแบรนด์เพื่อให้ได้ซุปไก่สกัดที่คงคุณค่า เข้มข้น ดูดซึมและย่อยง่าย พร้อมเสริมด้วยวิตามินบี 5 ชนิด ได้แก่ บี1 บี2 บี3 บี6 และบี12 ซึ่งมีส่วนช่วยในการทำงานของระบบประสาทและสมอง,THB,429,429,1
BRS14007160,แบรนด์ วีไลค์ ซุปไก่สกัด 42 มล. 12 ขวด,https://store.brandsworld.co.th/%E0%B8%9C%E0%B8%A5%E0%B8%B4%E0%B8%95%E0%B8%A0%E0%B8%B1%E0%B8%93%E0%B8%91%E0%B9%8C%E0%B9%81%E0%B8%9A%E0%B8%A3%E0%B8%99%E0%B8%94%E0%B9%8C/%E0%B8%9C%E0%B8%A5%E0%B8%B4%E0%B8%95%E0%B8%A0%E0%B8%B1%E0%B8%93%E0%B8%91%E0%B9%8C/%E0%B9%81%E0%B8%9A%E0%B8%A3%E0%B8%99%E0%B8%94%E0%B9%8C%E0%B8%8B%E0%B8%B8%E0%B8%9B%E0%B9%84%E0%B8%81%E0%B9%88%E0%B8%AA%E0%B8%81%E0%B8%B1%E0%B8%94/%E0%B9%81%E0%B8%9A%E0%B8%A3%E0%B8%99%E0%B8%94%E0%B9%8C-%E0%B8%A7%E0%B8%B5%E0%B9%84%E0%B8%A5%E0%B8%84%E0%B9%8C-%E0%B8%8B%E0%B8%B8%E0%B8%9B%E0%B9%84%E0%B8%81%E0%B9%88%E0%B8%AA%E0%B8%81%E0%B8%B1%E0%B8%94-42-%E0%B8%A1%E0%B8%A5-/p/000000000014007160?productArs=false,https://store.brandsworld.co.th/medias/14007160-1200x1200.jpg?context=bWFzdGVyfGltYWdlc3w0MzMxMzl8aW1hZ2UvanBlZ3xoODUvaGZhLzk0NDcyMTAwOTA1MjYvMTQwMDcxNjBfMTIwMHgxMjAwLmpwZ3wwMGZhN2NlZmJkNmMwOWFlMTAxM2I4MmQ3MDRkYTBhODllOWViOTc5OTljMDU5MzBjZThmZTdmZTk1NDViMTJh,เหมาะกับผู้เริ่มดื่ม รสชาติดื่มง่าย รวมทั้งผู้ที่ไม่ชอบกลิ่นและรสชาติของซุปไก่สกัด สูตรต้นตำรับ รสกลมกล่อม และ กลิ่นไลท์,THB,429,429,1
BRS14007163,แบรนด์ซุปไก่สกัด กลิ่น ไลท์ 42 มล. 12 ขวด,https://store.brandsworld.co.th/%E0%B8%9C%E0%B8%A5%E0%B8%B4%E0%B8%95%E0%B8%A0%E0%B8%B1%E0%B8%93%E0%B8%91%E0%B9%8C%E0%B9%81%E0%B8%9A%E0%B8%A3%E0%B8%99%E0%B8%94%E0%B9%8C/%E0%B8%9C%E0%B8%A5%E0%B8%B4%E0%B8%95%E0%B8%A0%E0%B8%B1%E0%B8%93%E0%B8%91%E0%B9%8C/%E0%B9%81%E0%B8%9A%E0%B8%A3%E0%B8%99%E0%B8%94%E0%B9%8C%E0%B8%8B%E0%B8%B8%E0%B8%9B%E0%B9%84%E0%B8%81%E0%B9%88%E0%B8%AA%E0%B8%81%E0%B8%B1%E0%B8%94/%E0%B9%81%E0%B8%9A%E0%B8%A3%E0%B8%99%E0%B8%94%E0%B9%8C-%E0%B8%8B%E0%B8%B8%E0%B8%9B%E0%B9%84%E0%B8%81%E0%B9%88%E0%B8%AA%E0%B8%81%E0%B8%B1%E0%B8%94-%E0%B8%81%E0%B8%A5%E0%B8%B4%E0%B9%88%E0%B8%99-%E0%B9%84%E0%B8%A5%E0%B8%97%E0%B9%8C-42-%E0%B8%A1%E0%B8%A5-/p/000000000014007163?productArs=false,https://store.brandsworld.co.th/medias/14007163-1200x1200.jpg?context=bWFzdGVyfGltYWdlc3w0MTQ3ODJ8aW1hZ2UvanBlZ3xoMDEvaDAwLzk0NDcyMzg3NjI1MjYvMTQwMDcxNjNfMTIwMHgxMjAwLmpwZ3w0ZGE5Zjc3NDVlNTZkNzE0M2ZiMGFhZTM4MGRiZGMwOWNhZWJiM2M1YWRiYTFjNDhiYWU5MmQxZTE4ZGQ1OGJj,ดื่มง่าย กลิ่นเบา ประโยชน์จากซุปไก่สกัดเหมือนเดิม เติมสิ่งดีๆ ทุกเช้า,THB,429,429,1
BRS14005944,แบรนด์ ซุปไก่สกัดสูตรต้นตำรับ 70 มล. 12 ขวด,https://store.brandsworld.co.th/%E0%B8%9C%E0%B8%A5%E0%B8%B4%E0%B8%95%E0%B8%A0%E0%B8%B1%E0%B8%93%E0%B8%91%E0%B9%8C%E0%B9%81%E0%B8%9A%E0%B8%A3%E0%B8%99%E0%B8%94%E0%B9%8C/%E0%B8%9C%E0%B8%A5%E0%B8%B4%E0%B8%95%E0%B8%A0%E0%B8%B1%E0%B8%93%E0%B8%91%E0%B9%8C/%E0%B9%81%E0%B8%9A%E0%B8%A3%E0%B8%99%E0%B8%94%E0%B9%8C%E0%B8%8B%E0%B8%B8%E0%B8%9B%E0%B9%84%E0%B8%81%E0%B9%88%E0%B8%AA%E0%B8%81%E0%B8%B1%E0%B8%94/%E0%B9%81%E0%B8%9A%E0%B8%A3%E0%B8%99%E0%B8%94%E0%B9%8C-%E0%B8%8B%E0%B8%B8%E0%B8%9B%E0%B9%84%E0%B8%81%E0%B9%88%E0%B8%AA%E0%B8%81%E0%B8%B1%E0%B8%94%E0%B8%AA%E0%B8%B9%E0%B8%95%E0%B8%A3%E0%B8%95%E0%B9%89%E0%B8%99%E0%B8%95%E0%B8%B3%E0%B8%A3%E0%B8%B1%E0%B8%9A-70-%E0%B8%A1%E0%B8%A5-/p/000000000014005944,https://store.brandsworld.co.th/extdata/ctl/images/072020/BRS14005944.jpg,แบรนด์ซุปไก่สกัด ผลิตจากวัตถุดิบจากธรรมชาติ พัฒนาโดยใช้กระบวนการผลิตเอกสิทธิ์เฉพาะของแบรนด์ เติมสิ่งดีๆ ทุกเช้า,THB,669,669,1
BRS14007169,แบรนด์ ซุปไก่สกัด รสกลมกล่อม 70 มล. 12 ขวด,https://store.brandsworld.co.th/%E0%B8%9C%E0%B8%A5%E0%B8%B4%E0%B8%95%E0%B8%A0%E0%B8%B1%E0%B8%93%E0%B8%91%E0%B9%8C%E0%B9%81%E0%B8%9A%E0%B8%A3%E0%B8%99%E0%B8%94%E0%B9%8C/%E0%B8%9C%E0%B8%A5%E0%B8%B4%E0%B8%95%E0%B8%A0%E0%B8%B1%E0%B8%93%E0%B8%91%E0%B9%8C/%E0%B9%81%E0%B8%9A%E0%B8%A3%E0%B8%99%E0%B8%94%E0%B9%8C%E0%B8%8B%E0%B8%B8%E0%B8%9B%E0%B9%84%E0%B8%81%E0%B9%88%E0%B8%AA%E0%B8%81%E0%B8%B1%E0%B8%94/%E0%B9%81%E0%B8%9A%E0%B8%A3%E0%B8%99%E0%B8%94%E0%B9%8C-%E0%B8%8B%E0%B8%B8%E0%B8%9B%E0%B9%84%E0%B8%81%E0%B9%88%E0%B8%AA%E0%B8%81%E0%B8%B1%E0%B8%94-%E0%B8%A3%E0%B8%AA%E0%B8%81%E0%B8%A5%E0%B8%A1%E0%B8%81%E0%B8%A5%E0%B9%88%E0%B8%AD%E0%B8%A1-70-%E0%B8%A1%E0%B8%A5-/p/000000000014007169?productArs=false,https://store.brandsworld.co.th/medias/14007169-1200x1200.jpg?context=bWFzdGVyfGltYWdlc3w1MDQwMjR8aW1hZ2UvanBlZ3xhRGxsTDJoa09DODVORFUwTnpreE16a3pNekV3THpFME1EQTNNVFk1WHpFeU1EQjRNVEl3TUM1cWNHY3wxNTAwODJiYjc2YTY4YjQ5MDJjMDlmMDVkMzAyMmNmNjBmMjZjMmY1NjBhZGU3ZTUwYjE3Y2M1NGNiYWEyZmMz,เหมาะสำหรับ ผู้ที่ไม่คุ้นชินกับรสชาติที่เข้มข้นของซุปไก่สกัดสูตรต้นตำรับ เติมสิ่งดีๆ ทุกเช้า,THB,669,669,1
BRS14007050,แบรนด์ซุปไก่สกัด สูตรต้นตำรับ 42 มล. 15 ขวด,https://store.brandsworld.co.th/%E0%B8%9C%E0%B8%A5%E0%B8%B4%E0%B8%95%E0%B8%A0%E0%B8%B1%E0%B8%93%E0%B8%91%E0%B9%8C%E0%B9%81%E0%B8%9A%E0%B8%A3%E0%B8%99%E0%B8%94%E0%B9%8C/%E0%B8%9C%E0%B8%A5%E0%B8%B4%E0%B8%95%E0%B8%A0%E0%B8%B1%E0%B8%93%E0%B8%91%E0%B9%8C/%E0%B9%81%E0%B8%9A%E0%B8%A3%E0%B8%99%E0%B8%94%E0%B9%8C%E0%B8%8B%E0%B8%B8%E0%B8%9B%E0%B9%84%E0%B8%81%E0%B9%88%E0%B8%AA%E0%B8%81%E0%B8%B1%E0%B8%94/%E0%B9%81%E0%B8%9A%E0%B8%A3%E0%B8%99%E0%B8%94%E0%B9%8C%E0%B8%8B%E0%B8%B8%E0%B8%9B%E0%B9%84%E0%B8%81%E0%B9%88%E0%B8%AA%E0%B8%81%E0%B8%B1%E0%B8%94%E0%B8%AA%E0%B8%B9%E0%B8%95%E0%B8%A3%E0%B8%95%E0%B9%89%E0%B8%99%E0%B8%95%E0%B8%B3%E0%B8%A3%E0%B8%B1%E0%B8%9A-42-%E0%B8%A1%E0%B8%A5-%E0%B9%81%E0%B8%9E%E0%B8%84-15-%E0%B8%82%E0%B8%A7%E0%B8%94/p/000000000014007050?productArs=false,https://store.brandsworld.co.th/medias/14007050-1200x1200.jpg?context=bWFzdGVyfGltYWdlc3w0OTc4NDR8aW1hZ2UvanBlZ3xoZDEvaGI3Lzk0MzgwNTA1NDk3OTAvMTQwMDcwNTBfMTIwMHgxMjAwLmpwZ3wzYzcyMzI5NzNmYjEzZjdhMGFhMjIyMzE0ODcwYTQ1Y2E4NzU2ZWExODdiYTdkMDY0ZDlkZTk2Mzc5NDY3Y2Zi,แบรนด์ ซุปไก่สกัด สูตรต้นตำหรับ ประหยัดกว่า รุ่นลดโลกร้อน ไม่มีกล่องด้านใน แพค 15 ขวด เอกสิทธิ์เฉพาะของแบรนด์ เติมสิ่งดีๆ ทุกเช้า,THB,529,529,1
BRS14007051,แบรนด์ซุปไก่สกัด สูตรต้นตำรับ 70 มล. แพค 15 ขวด,https://store.brandsworld.co.th/%E0%B8%9C%E0%B8%A5%E0%B8%B4%E0%B8%95%E0%B8%A0%E0%B8%B1%E0%B8%93%E0%B8%91%E0%B9%8C%E0%B9%81%E0%B8%9A%E0%B8%A3%E0%B8%99%E0%B8%94%E0%B9%8C/%E0%B8%9C%E0%B8%A5%E0%B8%B4%E0%B8%95%E0%B8%A0%E0%B8%B1%E0%B8%93%E0%B8%91%E0%B9%8C/%E0%B9%81%E0%B8%9A%E0%B8%A3%E0%B8%99%E0%B8%94%E0%B9%8C%E0%B8%8B%E0%B8%B8%E0%B8%9B%E0%B9%84%E0%B8%81%E0%B9%88%E0%B8%AA%E0%B8%81%E0%B8%B1%E0%B8%94/%E0%B9%81%E0%B8%9A%E0%B8%A3%E0%B8%99%E0%B8%94%E0%B9%8C-%E0%B8%8B%E0%B8%B8%E0%B8%9B%E0%B9%84%E0%B8%81%E0%B9%88%E0%B8%AA%E0%B8%81%E0%B8%B1%E0%B8%94%E0%B8%AA%E0%B8%B9%E0%B8%95%E0%B8%A3%E0%B8%95%E0%B9%89%E0%B8%99%E0%B8%95%E0%B8%B3%E0%B8%A3%E0%B8%B1%E0%B8%9A-70-%E0%B8%A1%E0%B8%A5-%E0%B9%81%E0%B8%9E%E0%B8%84-15-%E0%B8%82%E0%B8%A7%E0%B8%94/p/000000000014007051?productArs=false,https://store.brandsworld.co.th/medias/14007051-1200x1200.jpg?context=bWFzdGVyfGltYWdlc3wzODQxNTl8aW1hZ2UvanBlZ3xoOWEvaDY2Lzk0NDcyMzc4NDUwMjIvMTQwMDcwNTFfMTIwMHgxMjAwLmpwZ3w5NTYzZDVjNTlhYzZkZWFmM2JlMjljMjE4OTE5ODczODJlMzgwOTk5NjE1ZmFkNGUyM2ZkNzRjMzYzMzUwMjdi,ดื่มแบรนด์ทุกเช้า เติมสิ่งดีๆ ตอนเช้า พร้อมสำหรับทุกสถานการณ์,THB,829,829,1
BRS14007715,แบรนด์พรุนพลัส 42 มล.,https://store.brandsworld.co.th/%E0%B8%9C%E0%B8%A5%E0%B8%B4%E0%B8%95%E0%B8%A0%E0%B8%B1%E0%B8%93%E0%B8%91%E0%B9%8C%E0%B9%81%E0%B8%9A%E0%B8%A3%E0%B8%99%E0%B8%94%E0%B9%8C/%E0%B8%9C%E0%B8%A5%E0%B8%B4%E0%B8%95%E0%B8%A0%E0%B8%B1%E0%B8%93%E0%B8%91%E0%B9%8C/%E0%B9%81%E0%B8%9A%E0%B8%A3%E0%B8%99%E0%B8%94%E0%B9%8C%E0%B8%A7%E0%B8%B5%E0%B8%95%E0%B9%89%E0%B8%B2/%E0%B9%81%E0%B8%9A%E0%B8%A3%E0%B8%99%E0%B8%94%E0%B9%8C%E0%B8%9E%E0%B8%A3%E0%B8%B8%E0%B8%99%E0%B8%9E%E0%B8%A5%E0%B8%B1%E0%B8%AA-42-%E0%B8%A1%E0%B8%A5-/p/000000000014007715?productArs=false,https://store.brandsworld.co.th/medias/14007715-1200x1200.jpg?context=bWFzdGVyfGltYWdlc3wzMzA4ODV8aW1hZ2UvanBlZ3xoNGQvaGJlLzk1Mzk4MjM0MDMwMzgvMTQwMDc3MTVfMTIwMHgxMjAwLmpwZ3w3OTM3ZGNlOGFiYjY2NWY5YWFjOGViOTg2MTJlMjUxZmU5YzFhN2E4NTBjNzZmNzdkNjYyNzA3NTE5YWI1MjMw,"ผลิตภัณฑ์เสริมอาหารสารสกัดจากเมล็ดกาแฟไม่คั่วผสมพรุนเข้มข้น ด้วยนวัตกรรม ฟรุต-แอคทีฟ? มีใยอาหาร 10,000 มก. ช่วยเพิ่มกากในระบบทางเดินอาหารและช่วยกระตุ้นการขับถ่าย และกรีนคอฟพี่บีน",THB,441,420,1
BRS14007712,แบรนด์เบอร์รี่พลัส 42 มล. 12 ขวด,https://store.brandsworld.co.th/%E0%B8%9C%E0%B8%A5%E0%B8%B4%E0%B8%95%E0%B8%A0%E0%B8%B1%E0%B8%93%E0%B8%91%E0%B9%8C%E0%B9%81%E0%B8%9A%E0%B8%A3%E0%B8%99%E0%B8%94%E0%B9%8C/%E0%B8%9C%E0%B8%A5%E0%B8%B4%E0%B8%95%E0%B8%A0%E0%B8%B1%E0%B8%93%E0%B8%91%E0%B9%8C/%E0%B9%81%E0%B8%9A%E0%B8%A3%E0%B8%99%E0%B8%94%E0%B9%8C%E0%B8%A7%E0%B8%B5%E0%B8%95%E0%B9%89%E0%B8%B2/%E0%B9%81%E0%B8%9A%E0%B8%A3%E0%B8%99%E0%B8%94%E0%B9%8C%E0%B9%80%E0%B8%9A%E0%B8%AD%E0%B8%A3%E0%B9%8C%E0%B8%A3%E0%B8%B5%E0%B9%88%E0%B8%9E%E0%B8%A5%E0%B8%B1%E0%B8%AA-42-%E0%B8%A1%E0%B8%A5-/p/000000000014007712?productArs=false,https://store.brandsworld.co.th/medias/14007712-1200x1200.jpg?context=bWFzdGVyfGltYWdlc3wzNDAxNzl8aW1hZ2UvanBlZ3xoOWIvaGQzLzk1Mzk4MjQ1ODI2ODYvMTQwMDc3MTJfMTIwMHgxMjAwLmpwZ3w1YjhhYmNlMmI5ZWMzMjZkNjVjZGFkN2U3OTM3M2NiYTc4YjMzMDI1MWNkYWM4Mjg5Mjg5YzdkZDlmMzYyMmJk,มีคุณค่าจากวิตามินเอ 100% มีส่วนช่วยคงสภาพปกติของการมองเห็น ผสานคุณค่ากับสารสกัดจากบ็อกบิลเบอร์รี่ มีวิตามินซี และอีสูง,THB,441,420,1
BRS14007046,แบรนด์ เห็ดสกัดเข้มข้น 65 มล. 8 ขวด,https://store.brandsworld.co.th/%E0%B8%9C%E0%B8%A5%E0%B8%B4%E0%B8%95%E0%B8%A0%E0%B8%B1%E0%B8%93%E0%B8%91%E0%B9%8C%E0%B9%81%E0%B8%9A%E0%B8%A3%E0%B8%99%E0%B8%94%E0%B9%8C/%E0%B8%9C%E0%B8%A5%E0%B8%B4%E0%B8%95%E0%B8%A0%E0%B8%B1%E0%B8%93%E0%B8%91%E0%B9%8C/%E0%B9%81%E0%B8%9A%E0%B8%A3%E0%B8%99%E0%B8%94%E0%B9%8C%E0%B9%80%E0%B8%AB%E0%B9%87%E0%B8%94/%E0%B9%81%E0%B8%9A%E0%B8%A3%E0%B8%99%E0%B8%94%E0%B9%8C-%E0%B9%80%E0%B8%AB%E0%B9%87%E0%B8%94%E0%B8%AA%E0%B8%81%E0%B8%B1%E0%B8%94%E0%B9%80%E0%B8%82%E0%B9%89%E0%B8%A1%E0%B8%82%E0%B9%89%E0%B8%99-65-%E0%B8%A1%E0%B8%A5-/p/000000000014007046?productArs=false,https://store.brandsworld.co.th/extdata/ctl/images/102019/BRS14004445_800x800.jpg,ผลิตจากเห็ดหายาก 5 ชนิด ได้แก่ เห็ดหลินจือ เห็ดชิตาเกะ เห็ดไมตาเกะ เห็ดยามาบูชิตาเกะ และ ถั่งเฉ้า ไม่มีส่วนผสมของเนื้อสัตว์,THB,470,450,1
BRS14007042,แบรนด์ ลูทีน่าพลัส,https://store.brandsworld.co.th/%E0%B8%9C%E0%B8%A5%E0%B8%B4%E0%B8%95%E0%B8%A0%E0%B8%B1%E0%B8%93%E0%B8%91%E0%B9%8C%E0%B9%81%E0%B8%9A%E0%B8%A3%E0%B8%99%E0%B8%94%E0%B9%8C/%E0%B8%9C%E0%B8%A5%E0%B8%B4%E0%B8%95%E0%B8%A0%E0%B8%B1%E0%B8%93%E0%B8%91%E0%B9%8C/%E0%B9%81%E0%B8%9A%E0%B8%A3%E0%B8%99%E0%B8%94%E0%B9%8C%E0%B9%80%E0%B8%88%E0%B8%99%E0%B8%A2%E0%B8%B9/%E0%B9%81%E0%B8%9A%E0%B8%A3%E0%B8%99%E0%B8%94%E0%B9%8C-%E0%B8%A5%E0%B8%B9%E0%B8%97%E0%B8%B5%E0%B8%99%E0%B9%88%E0%B8%B2%E0%B8%9E%E0%B8%A5%E0%B8%B1%E0%B8%AA/p/000000000014007042?productArs=false,https://store.brandsworld.co.th/medias/14006865-1200x1200.jpg?context=bWFzdGVyfGltYWdlc3wxODExMjh8aW1hZ2UvanBlZ3xoMjEvaGNiLzkyNjQ0NTU5NDIxNzQvMTQwMDY4NjVfMTIwMHgxMjAwLmpwZ3w5NGNjNzFiODY0NTExODdkZTNmMDliOGEwZmVmZjNlYTAzZmMwZWQ2OTU0OTZmYTczMWRjMmY3MTRmMWI0OGI5,มี ลูทีน 10 มก. และซีแซนทีน 2 มก. ผสมน้ำแบลคเคอร์แรนต์ มีวิตามินเอ สูง มีส่วนช่วยในการมองเห็น รสชาติอร่อยด้วยน้ำแบลคเคอร์แรนต์,THB,376,370,1
BRS14007043,แบรนด์จินเซนโนไซด์ โปร,https://store.brandsworld.co.th/buy2savemore/%E0%B9%81%E0%B8%9A%E0%B8%A3%E0%B8%99%E0%B8%94%E0%B9%8C%E0%B8%88%E0%B8%B4%E0%B8%99%E0%B9%80%E0%B8%8B%E0%B8%99%E0%B9%82%E0%B8%99%E0%B9%84%E0%B8%8B%E0%B8%94%E0%B9%8C-%E0%B9%82%E0%B8%9B%E0%B8%A3/p/000000000014007043?productArs=false,https://store.brandsworld.co.th/medias/14006863-1200x1200.jpg?context=bWFzdGVyfGltYWdlc3wxNzc2ODN8aW1hZ2UvanBlZ3xoZTkvaDRjLzkyMjExNjkwODY0OTQvMTQwMDY4NjNfMTIwMHgxMjAwLmpwZ3xkNmJhNjhiZWFiY2RkOWJiOGVmOGU2M2JiYzNjMGVmYjVjMTNjNWEzOWI1NWM3MmI4NzZlMTU4MjUzMmQzNDg1,ประกอบด้วยจินเซนโนไซด์ สกัดจากโสมอเมริกาและโสมเอเชีย อุดมด้วยวิตามินบี 12 มีส่วนช่วยในการทำงานตามปกติของระบบประสาทและสมอง,THB,376,370,1
BRS14007049,แบรนด์จูเนียร์ อัลฟ่าพลัส ซุปไก่สกัด รสช็อกโกลาวา 42 มล. 12 ขวด,https://store.brandsworld.co.th/%E0%B8%9C%E0%B8%A5%E0%B8%B4%E0%B8%95%E0%B8%A0%E0%B8%B1%E0%B8%93%E0%B8%91%E0%B9%8C%E0%B9%81%E0%B8%9A%E0%B8%A3%E0%B8%99%E0%B8%94%E0%B9%8C/%E0%B8%9C%E0%B8%A5%E0%B8%B4%E0%B8%95%E0%B8%A0%E0%B8%B1%E0%B8%93%E0%B8%91%E0%B9%8C/%E0%B9%81%E0%B8%9A%E0%B8%A3%E0%B8%99%E0%B8%94%E0%B9%8C%E0%B8%88%E0%B8%B9%E0%B9%80%E0%B8%99%E0%B8%B5%E0%B8%A2%E0%B8%A3%E0%B9%8C/%E0%B9%81%E0%B8%9A%E0%B8%A3%E0%B8%99%E0%B8%94%E0%B9%8C%E0%B8%88%E0%B8%B9%E0%B9%80%E0%B8%99%E0%B8%B5%E0%B8%A2%E0%B8%A3%E0%B9%8C-%E0%B8%AD%E0%B8%B1%E0%B8%A5%E0%B8%9F%E0%B9%88%E0%B8%B2%E0%B8%9E%E0%B8%A5%E0%B8%B1%E0%B8%AA-%E0%B8%8B%E0%B8%B8%E0%B8%9B%E0%B9%84%E0%B8%81%E0%B9%88%E0%B8%AA%E0%B8%81%E0%B8%B1%E0%B8%94-%E0%B8%A3%E0%B8%AA%E0%B8%8A%E0%B9%87%E0%B8%AD%E0%B8%81%E0%B9%82%E0%B8%81%E0%B8%A5%E0%B8%B2%E0%B8%A7%E0%B8%B2-42-%E0%B8%A1%E0%B8%A5-/p/000000000014007049?productArs=false,https://store.brandsworld.co.th/extdata/ctl/images/102019/BRS14005256_800x800.jpg,อร่อยขึ้นกว่าเดิม เพิ่มปริมาณ ดีเอชเอ ลูทีน และ วิตามินเอ รสชาติอร่อย หอม ดื่มง่าย รสช็อกโกลาวา,THB,466,450,1
BRS14007048,แบรนด์จูเนียร์ อัลฟ่าพลัส ซุปไก่สกัด กลิ่นฟรุ๊ตลาวา 42 มล.,https://store.brandsworld.co.th/%E0%B8%9C%E0%B8%A5%E0%B8%B4%E0%B8%95%E0%B8%A0%E0%B8%B1%E0%B8%93%E0%B8%91%E0%B9%8C%E0%B9%81%E0%B8%9A%E0%B8%A3%E0%B8%99%E0%B8%94%E0%B9%8C/%E0%B8%9C%E0%B8%A5%E0%B8%B4%E0%B8%95%E0%B8%A0%E0%B8%B1%E0%B8%93%E0%B8%91%E0%B9%8C/%E0%B9%81%E0%B8%9A%E0%B8%A3%E0%B8%99%E0%B8%94%E0%B9%8C%E0%B8%88%E0%B8%B9%E0%B9%80%E0%B8%99%E0%B8%B5%E0%B8%A2%E0%B8%A3%E0%B9%8C/%E0%B9%81%E0%B8%9A%E0%B8%A3%E0%B8%99%E0%B8%94%E0%B9%8C%E0%B8%88%E0%B8%B9%E0%B9%80%E0%B8%99%E0%B8%B5%E0%B8%A2%E0%B8%A3%E0%B9%8C-%E0%B8%AD%E0%B8%B1%E0%B8%A5%E0%B8%9F%E0%B9%88%E0%B8%B2%E0%B8%9E%E0%B8%A5%E0%B8%B1%E0%B8%AA-%E0%B8%8B%E0%B8%B8%E0%B8%9B%E0%B9%84%E0%B8%81%E0%B9%88%E0%B8%AA%E0%B8%81%E0%B8%B1%E0%B8%94-%E0%B8%81%E0%B8%A5%E0%B8%B4%E0%B9%88%E0%B8%99%E0%B8%9F%E0%B8%A3%E0%B8%B8%E0%B9%8A%E0%B8%95%E0%B8%A5%E0%B8%B2%E0%B8%A7%E0%B8%B2-42-%E0%B8%A1%E0%B8%A5-/p/000000000014007048?productArs=false,https://store.brandsworld.co.th/medias/sys_master/images/images/hb6/h3a/9061733335070/14005252-V2-1200X1200.jpg,อร่อยขึ้นกว่าเดิม เพิ่มปริมาณ ดีเอชเอ ลูทีน และ วิตามินเอ รสชาติ อร่อย หอม ดื่มง่าย ด้วยกลิ่นฟรุ๊ตลาวา,THB,466,450,1
BRS14007067,แบรนด์จูเนียร์ ซุปไก่สกัดผสมนมและแคลเซียม รสช็อกโกแลตมอลต์ 100 มล. 8 ขวด,https://store.brandsworld.co.th/%E0%B8%9C%E0%B8%A5%E0%B8%B4%E0%B8%95%E0%B8%A0%E0%B8%B1%E0%B8%93%E0%B8%91%E0%B9%8C%E0%B9%81%E0%B8%9A%E0%B8%A3%E0%B8%99%E0%B8%94%E0%B9%8C/%E0%B8%9C%E0%B8%A5%E0%B8%B4%E0%B8%95%E0%B8%A0%E0%B8%B1%E0%B8%93%E0%B8%91%E0%B9%8C/%E0%B9%81%E0%B8%9A%E0%B8%A3%E0%B8%99%E0%B8%94%E0%B9%8C%E0%B8%88%E0%B8%B9%E0%B9%80%E0%B8%99%E0%B8%B5%E0%B8%A2%E0%B8%A3%E0%B9%8C/%E0%B9%81%E0%B8%9A%E0%B8%A3%E0%B8%99%E0%B8%94%E0%B9%8C%E0%B8%88%E0%B8%B9%E0%B9%80%E0%B8%99%E0%B8%B5%E0%B8%A2%E0%B8%A3%E0%B9%8C-%E0%B8%8B%E0%B8%B8%E0%B8%9B%E0%B9%84%E0%B8%81%E0%B9%88%E0%B8%AA%E0%B8%81%E0%B8%B1%E0%B8%94%E0%B8%9C%E0%B8%AA%E0%B8%A1%E0%B8%99%E0%B8%A1%E0%B9%81%E0%B8%A5%E0%B8%B0%E0%B9%81%E0%B8%84%E0%B8%A5%E0%B9%80%E0%B8%8B%E0%B8%B5%E0%B8%A2%E0%B8%A1-%E0%B8%A3%E0%B8%AA%E0%B8%8A%E0%B9%87%E0%B8%AD%E0%B8%81%E0%B9%82%E0%B8%81%E0%B9%81%E0%B8%A5%E0%B8%95%E0%B8%A1%E0%B8%AD%E0%B8%A5%E0%B8%95%E0%B9%8C-100-%E0%B8%A1%E0%B8%A5-/p/000000000014007067?productArs=false,https://store.brandsworld.co.th/medias/14006827-1200x1200.jpg?context=bWFzdGVyfGltYWdlc3w1NzMxMTh8aW1hZ2UvanBlZ3xpbWFnZXMvaDNiL2hjOC85MjExOTMwMTgxNjYyLmpwZ3xjYjk0NmZhMDM4ZjdiNmY1ODMyYzFhMTAyYjk1ODkyNTc0NGNhNTkzYzdlNWMxOTlkN2FmNzFlODk5NGU2NWMw,สูตรใหม่ ซุปไก่สกัดผสมนมและแคลเซียม เสริมทั้งการเรียนรู้และความสูงในขวดเดียว,THB,334,320,1
BRS14007057,แบรนด์ซุปไก่สกัด ผสม ถั่งเฉ้า 42 มล. 6 ขวด,https://store.brandsworld.co.th/%E0%B8%9C%E0%B8%A5%E0%B8%B4%E0%B8%95%E0%B8%A0%E0%B8%B1%E0%B8%93%E0%B8%91%E0%B9%8C%E0%B9%81%E0%B8%9A%E0%B8%A3%E0%B8%99%E0%B8%94%E0%B9%8C/%E0%B8%9C%E0%B8%A5%E0%B8%B4%E0%B8%95%E0%B8%A0%E0%B8%B1%E0%B8%93%E0%B8%91%E0%B9%8C/%E0%B9%81%E0%B8%9A%E0%B8%A3%E0%B8%99%E0%B8%94%E0%B9%8C%E0%B8%8B%E0%B8%B8%E0%B8%9B%E0%B9%84%E0%B8%81%E0%B9%88%E0%B8%AA%E0%B8%81%E0%B8%B1%E0%B8%94%E0%B8%AA%E0%B8%B9%E0%B8%95%E0%B8%A3%E0%B8%9C%E0%B8%AA%E0%B8%A1%E0%B8%AA%E0%B8%A1%E0%B8%B8%E0%B8%99%E0%B9%84%E0%B8%9E%E0%B8%A3/%E0%B9%81%E0%B8%9A%E0%B8%A3%E0%B8%99%E0%B8%94%E0%B9%8C%E0%B8%8B%E0%B8%B8%E0%B8%9B%E0%B9%84%E0%B8%81%E0%B9%88%E0%B8%AA%E0%B8%81%E0%B8%B1%E0%B8%94-%E0%B8%9C%E0%B8%AA%E0%B8%A1-%E0%B8%96%E0%B8%B1%E0%B9%88%E0%B8%87%E0%B9%80%E0%B8%89%E0%B9%89%E0%B8%B2-42-%E0%B8%A1%E0%B8%A5-/p/000000000014007057?productArs=false,https://store.brandsworld.co.th/medias/14007057-1200x1200.jpg?context=bWFzdGVyfGltYWdlc3w1MzM2NDl8aW1hZ2UvanBlZ3xhRFpsTDJnM01TODVORFUwTnprME56QXlPRGM0THpFME1EQTNNRFUzWHpFeU1EQjRNVEl3TUM1cWNHY3w5MDY2MWRhOTI0YjUxOTUwN2U1ZGMzNjI3NDMxODc1YjI1NWQ3YWVjNjA4MmFiMjYwNDUwZmJkNzBmNjc4ZGNi,ซุปไก่สกัด มีผลการวิจัยทางวิทยาศาสตร์ ผสานคุณค่าสมุนไพรถั่งเฉ้า เติมสิ่งดีๆ ทุกเช้า,THB,269,260,1
BRS14007059,แบรนด์ซุปไก่สกัด ผสม ถั่งเฉ้า 70 มล. 6 ขวด,https://store.brandsworld.co.th/%E0%B8%9C%E0%B8%A5%E0%B8%B4%E0%B8%95%E0%B8%A0%E0%B8%B1%E0%B8%93%E0%B8%91%E0%B9%8C%E0%B9%81%E0%B8%9A%E0%B8%A3%E0%B8%99%E0%B8%94%E0%B9%8C/%E0%B8%9C%E0%B8%A5%E0%B8%B4%E0%B8%95%E0%B8%A0%E0%B8%B1%E0%B8%93%E0%B8%91%E0%B9%8C/%E0%B9%81%E0%B8%9A%E0%B8%A3%E0%B8%99%E0%B8%94%E0%B9%8C%E0%B8%8B%E0%B8%B8%E0%B8%9B%E0%B9%84%E0%B8%81%E0%B9%88%E0%B8%AA%E0%B8%81%E0%B8%B1%E0%B8%94%E0%B8%AA%E0%B8%B9%E0%B8%95%E0%B8%A3%E0%B8%9C%E0%B8%AA%E0%B8%A1%E0%B8%AA%E0%B8%A1%E0%B8%B8%E0%B8%99%E0%B9%84%E0%B8%9E%E0%B8%A3/%E0%B9%81%E0%B8%9A%E0%B8%A3%E0%B8%99%E0%B8%94%E0%B9%8C%E0%B8%8B%E0%B8%B8%E0%B8%9B%E0%B9%84%E0%B8%81%E0%B9%88%E0%B8%AA%E0%B8%81%E0%B8%B1%E0%B8%94-%E0%B8%9C%E0%B8%AA%E0%B8%A1-%E0%B8%96%E0%B8%B1%E0%B9%88%E0%B8%87%E0%B9%80%E0%B8%89%E0%B9%89%E0%B8%B2-70-%E0%B8%A1%E0%B8%A5-/p/000000000014007059?productArs=false,https://store.brandsworld.co.th/medias/14007059-1200x1200.jpg?context=bWFzdGVyfGltYWdlc3w1OTkwOTl8aW1hZ2UvanBlZ3xhREkzTDJnNE5TODVORFU0TURjeU5ESXdNemd5THpFME1EQTNNRFU1WHpFeU1EQjRNVEl3TUM1cWNHY3wyY2M5NjY1OTI1MTA5NWIxOWE2M2ExNmZmYjRmNzE0NGUwMDhiYWU2MTJkYTVkNGM3MzVmYjA1ZWE0NjM0NWRh,ซุปไก่สกัด มีผลการวิจัยทางวิทยาศาสตร์ ผสานคุณค่าสมุนไพรถั่งเฉ้า เติมสิ่งดีๆ ทุกเช้า,THB,373,360,1
BRS14007053,แบรนด์ซุปไก่สกัด ผสมสารสกัดจากใบแปะก๊วยและโสม 42 มล. 6 ขวด,https://store.brandsworld.co.th/%E0%B8%9C%E0%B8%A5%E0%B8%B4%E0%B8%95%E0%B8%A0%E0%B8%B1%E0%B8%93%E0%B8%91%E0%B9%8C%E0%B9%81%E0%B8%9A%E0%B8%A3%E0%B8%99%E0%B8%94%E0%B9%8C/%E0%B8%9C%E0%B8%A5%E0%B8%B4%E0%B8%95%E0%B8%A0%E0%B8%B1%E0%B8%93%E0%B8%91%E0%B9%8C/%E0%B9%81%E0%B8%9A%E0%B8%A3%E0%B8%99%E0%B8%94%E0%B9%8C%E0%B8%8B%E0%B8%B8%E0%B8%9B%E0%B9%84%E0%B8%81%E0%B9%88%E0%B8%AA%E0%B8%81%E0%B8%B1%E0%B8%94%E0%B8%AA%E0%B8%B9%E0%B8%95%E0%B8%A3%E0%B8%9C%E0%B8%AA%E0%B8%A1%E0%B8%AA%E0%B8%A1%E0%B8%B8%E0%B8%99%E0%B9%84%E0%B8%9E%E0%B8%A3/%E0%B9%81%E0%B8%9A%E0%B8%A3%E0%B8%99%E0%B8%94%E0%B9%8C%E0%B8%8B%E0%B8%B8%E0%B8%9B%E0%B9%84%E0%B8%81%E0%B9%88%E0%B8%AA%E0%B8%81%E0%B8%B1%E0%B8%94-%E0%B8%9C%E0%B8%AA%E0%B8%A1%E0%B8%AA%E0%B8%B2%E0%B8%A3%E0%B8%AA%E0%B8%81%E0%B8%B1%E0%B8%94%E0%B8%88%E0%B8%B2%E0%B8%81%E0%B9%83%E0%B8%9A%E0%B9%81%E0%B8%9B%E0%B8%B0%E0%B8%81%E0%B9%8A%E0%B8%A7%E0%B8%A2%E0%B9%81%E0%B8%A5%E0%B8%B0%E0%B9%82%E0%B8%AA%E0%B8%A1-42-%E0%B8%A1%E0%B8%A5-/p/000000000014007053?productArs=false,https://store.brandsworld.co.th/medias/14007053-1200x1200.jpg?context=bWFzdGVyfGltYWdlc3w1OTAxMDF8aW1hZ2UvanBlZ3xoYjYvaDZmLzk0NTQ3OTIzMTA4MTQvMTQwMDcwNTNfMTIwMHgxMjAwLmpwZ3w5NGNhZWY0N2IwYzM5OTA3NWQwNzczOGVhZjliMDkwZDg5ZDY0MTJlNTFlOTMyZDg5OGJlYTUzZGU2MjM0MDZk,ซุปไก่สกัด มีผลการวิจัยทางวิทยาศาสตร์ ผสานคุณค่าสมุนไพรใบแป๊ะก๊วยและโสม เติมสิ่งดีๆ ทุกเช้า,THB,269,260,1
BRS14006189,แบรนด์ซุปไก่สกัด ผสมสารสกัดจากใบแปะก๊วยและโสม 70 มล. 6 ขวด,https://store.brandsworld.co.th/%E0%B8%9C%E0%B8%A5%E0%B8%B4%E0%B8%95%E0%B8%A0%E0%B8%B1%E0%B8%93%E0%B8%91%E0%B9%8C%E0%B9%81%E0%B8%9A%E0%B8%A3%E0%B8%99%E0%B8%94%E0%B9%8C/%E0%B8%9C%E0%B8%A5%E0%B8%B4%E0%B8%95%E0%B8%A0%E0%B8%B1%E0%B8%93%E0%B8%91%E0%B9%8C/%E0%B9%81%E0%B8%9A%E0%B8%A3%E0%B8%99%E0%B8%94%E0%B9%8C%E0%B8%8B%E0%B8%B8%E0%B8%9B%E0%B9%84%E0%B8%81%E0%B9%88%E0%B8%AA%E0%B8%81%E0%B8%B1%E0%B8%94%E0%B8%AA%E0%B8%B9%E0%B8%95%E0%B8%A3%E0%B8%9C%E0%B8%AA%E0%B8%A1%E0%B8%AA%E0%B8%A1%E0%B8%B8%E0%B8%99%E0%B9%84%E0%B8%9E%E0%B8%A3/%E0%B9%81%E0%B8%9A%E0%B8%A3%E0%B8%99%E0%B8%94%E0%B9%8C%E0%B8%8B%E0%B8%B8%E0%B8%9B%E0%B9%84%E0%B8%81%E0%B9%88%E0%B8%AA%E0%B8%81%E0%B8%B1%E0%B8%94-%E0%B8%9C%E0%B8%AA%E0%B8%A1%E0%B8%AA%E0%B8%B2%E0%B8%A3%E0%B8%AA%E0%B8%81%E0%B8%B1%E0%B8%94%E0%B8%88%E0%B8%B2%E0%B8%81%E0%B9%83%E0%B8%9A%E0%B9%81%E0%B8%9B%E0%B8%B0%E0%B8%81%E0%B9%8A%E0%B8%A7%E0%B8%A2%E0%B9%81%E0%B8%A5%E0%B8%B0%E0%B9%82%E0%B8%AA%E0%B8%A1-70-%E0%B8%A1%E0%B8%A5-/p/000000000014006189?utm_source=shoppingads&utm_medium=cpc&utm_campaign=shopping_ads_eoc_ginkgo_ginseng_6_70ml&utm_term=shopping_ads&utm_content=eoc_ginkgo_ginseng_6_70ml,https://store.brandsworld.co.th/extdata/ctl/images/012021/product/BRS14006189.jpg,ซุปไก่สกัด มีผลการวิจัยทางวิทยาศาสตร์ ผสานคุณค่าสมุนไพรใบแป๊ะก๊วยและโสม เติมสิ่งดีๆ ทุกเช้า,THB,373,360,1
BRS14007650,แบรนด์รังนกแท้ สูตรคลาสสิค ผสมน้ำตาลกรวด 42 มล. 6 ขวด,https://store.brandsworld.co.th/%E0%B8%9C%E0%B8%A5%E0%B8%B4%E0%B8%95%E0%B8%A0%E0%B8%B1%E0%B8%93%E0%B8%91%E0%B9%8C%E0%B9%81%E0%B8%9A%E0%B8%A3%E0%B8%99%E0%B8%94%E0%B9%8C/%E0%B8%9C%E0%B8%A5%E0%B8%B4%E0%B8%95%E0%B8%A0%E0%B8%B1%E0%B8%93%E0%B8%91%E0%B9%8C/%E0%B9%81%E0%B8%9A%E0%B8%A3%E0%B8%99%E0%B8%94%E0%B9%8C%E0%B8%A3%E0%B8%B1%E0%B8%87%E0%B8%99%E0%B8%81%E0%B9%81%E0%B8%97%E0%B9%89/%E0%B9%81%E0%B8%9A%E0%B8%A3%E0%B8%99%E0%B8%94%E0%B9%8C%E0%B8%A3%E0%B8%B1%E0%B8%87%E0%B8%99%E0%B8%81%E0%B9%81%E0%B8%97%E0%B9%89-%E0%B8%AA%E0%B8%B9%E0%B8%95%E0%B8%A3%E0%B8%84%E0%B8%A5%E0%B8%B2%E0%B8%AA%E0%B8%AA%E0%B8%B4%E0%B8%84-%E0%B8%9C%E0%B8%AA%E0%B8%A1%E0%B8%99%E0%B9%89%E0%B8%B3%E0%B8%95%E0%B8%B2%E0%B8%A5%E0%B8%81%E0%B8%A3%E0%B8%A7%E0%B8%94-42-%E0%B8%A1%E0%B8%A5-/p/000000000014007650?productArs=false,https://store.brandsworld.co.th/medias/14007650-1200x1200.jpg?context=bWFzdGVyfGltYWdlc3wzMjk0MDh8aW1hZ2UvanBlZ3xoNWUvaDMwLzk1MzUwMzIwMzMzMTAvMTQwMDc2NTBfMTIwMHgxMjAwLmpwZ3xlMzIzMjQzYzFlYzdiMjA4M2IyNWQ5ODZhYmE4YjI5ZWExNWE4OTRlMDQ0NzAwZDVjOTRlMmUwMjQ0ZTg1YzVm,แบรนด์รังนกแท้ อร่อย สดชื่น พร้อมรสชาติกลมกล่อมพอดีจากน้ำตาลกรวด มี NANA สารที่เป็นเอกลักษณ์ของรังนกแท้ และ กรดอะมิโน 16 ชนิด,THB,545,545,1
BRS14007653,แบรนด์รังนกแท้ สูตรไซลิทอล 42 มล. 6 ขวด,https://store.brandsworld.co.th/%E0%B8%9C%E0%B8%A5%E0%B8%B4%E0%B8%95%E0%B8%A0%E0%B8%B1%E0%B8%93%E0%B8%91%E0%B9%8C%E0%B9%81%E0%B8%9A%E0%B8%A3%E0%B8%99%E0%B8%94%E0%B9%8C/%E0%B8%9C%E0%B8%A5%E0%B8%B4%E0%B8%95%E0%B8%A0%E0%B8%B1%E0%B8%93%E0%B8%91%E0%B9%8C/%E0%B9%81%E0%B8%9A%E0%B8%A3%E0%B8%99%E0%B8%94%E0%B9%8C%E0%B8%A3%E0%B8%B1%E0%B8%87%E0%B8%99%E0%B8%81%E0%B9%81%E0%B8%97%E0%B9%89/%E0%B9%81%E0%B8%9A%E0%B8%A3%E0%B8%99%E0%B8%94%E0%B9%8C%E0%B8%A3%E0%B8%B1%E0%B8%87%E0%B8%99%E0%B8%81%E0%B9%81%E0%B8%97%E0%B9%89-%E0%B8%AA%E0%B8%B9%E0%B8%95%E0%B8%A3%E0%B9%84%E0%B8%8B%E0%B8%A5%E0%B8%B4%E0%B8%97%E0%B8%AD%E0%B8%A5-42-%E0%B8%A1%E0%B8%A5-/p/000000000014007653?productArs=false,https://store.brandsworld.co.th/medias/14007653-1200x1200.jpg?context=bWFzdGVyfGltYWdlc3wzNDEwMjJ8aW1hZ2UvanBlZ3xoN2MvaGVlLzk1MzUwMzQ0MjUzNzQvMTQwMDc2NTNfMTIwMHgxMjAwLmpwZ3wyNjY1ZThkNWMyOGE4YmFkZWNhYTA5NjhmMGY4MTdmMWNiM2RmYTM4OTYyYjYyMTVkYzI5MGI4OWJiODY3OTFl,แบรนด์รังนกแท้ อร่อย สดชื่น หวานจากไซลิทอล ซึ่งเป็นสารความหวานจากพืชธรรมชาติแทนน้ำตาล มี NANA สารที่เป็นเอกลักษณ์ของรังนกแท้ และ กรดอะมิโน 16 ชนิด,THB,545,545,1
BRS14007660,แบรนด์รังนกแท้ สูตรน้ำตาลน้อย 42 มล. 6 ขวด,https://store.brandsworld.co.th/%E0%B8%9C%E0%B8%A5%E0%B8%B4%E0%B8%95%E0%B8%A0%E0%B8%B1%E0%B8%93%E0%B8%91%E0%B9%8C%E0%B9%81%E0%B8%9A%E0%B8%A3%E0%B8%99%E0%B8%94%E0%B9%8C/%E0%B8%9C%E0%B8%A5%E0%B8%B4%E0%B8%95%E0%B8%A0%E0%B8%B1%E0%B8%93%E0%B8%91%E0%B9%8C/%E0%B9%81%E0%B8%9A%E0%B8%A3%E0%B8%99%E0%B8%94%E0%B9%8C%E0%B8%A3%E0%B8%B1%E0%B8%87%E0%B8%99%E0%B8%81%E0%B9%81%E0%B8%97%E0%B9%89/%E0%B9%81%E0%B8%9A%E0%B8%A3%E0%B8%99%E0%B8%94%E0%B9%8C%E0%B8%A3%E0%B8%B1%E0%B8%87%E0%B8%99%E0%B8%81%E0%B9%81%E0%B8%97%E0%B9%89-%E0%B8%AA%E0%B8%B9%E0%B8%95%E0%B8%A3%E0%B8%99%E0%B9%89%E0%B8%B3%E0%B8%95%E0%B8%B2%E0%B8%A5%E0%B8%99%E0%B9%89%E0%B8%AD%E0%B8%A2-42-%E0%B8%A1%E0%B8%A5-/p/000000000014007660?productArs=false,https://store.brandsworld.co.th/medias/14007660-1200x1200.jpg?context=bWFzdGVyfGltYWdlc3wzMzk2Nzh8aW1hZ2UvanBlZ3xoOTMvaDAzLzk1Mzk4MjE5NjEyNDYvMTQwMDc2NjBfMTIwMHgxMjAwLmpwZ3w1Y2QwZWYxOGE5M2UwNDkwZWY5ZmFiNjIzM2NmNWJkYzVjZDU4NTZmMzBmMGQxMjI5NzY2N2JlMGUxYjBiNjcx,แบรนด์รังนกแท้ อร่อย สดชื่น น้ำตาลน้อยลง 25%* จากสูตรเดิม มี NANA สารที่เป็นเอกลักษณ์ของรังนกแท้ และ กรดอะมิโน 16 ชนิด,THB,545,545,1
BRS14007089,แบรนด์รังนกแท้ สูตรเฟรนซ์คอลลาเจน 42 มล. 6 ขวด,https://store.brandsworld.co.th/%E0%B8%9C%E0%B8%A5%E0%B8%B4%E0%B8%95%E0%B8%A0%E0%B8%B1%E0%B8%93%E0%B8%91%E0%B9%8C%E0%B9%81%E0%B8%9A%E0%B8%A3%E0%B8%99%E0%B8%94%E0%B9%8C/%E0%B8%9C%E0%B8%A5%E0%B8%B4%E0%B8%95%E0%B8%A0%E0%B8%B1%E0%B8%93%E0%B8%91%E0%B9%8C/%E0%B9%81%E0%B8%9A%E0%B8%A3%E0%B8%99%E0%B8%94%E0%B9%8C%E0%B8%A3%E0%B8%B1%E0%B8%87%E0%B8%99%E0%B8%81%E0%B9%81%E0%B8%97%E0%B9%89/%E0%B9%81%E0%B8%9A%E0%B8%A3%E0%B8%99%E0%B8%94%E0%B9%8C%E0%B8%A3%E0%B8%B1%E0%B8%87%E0%B8%99%E0%B8%81%E0%B9%81%E0%B8%97%E0%B9%89-%E0%B8%AA%E0%B8%B9%E0%B8%95%E0%B8%A3%E0%B9%80%E0%B8%9F%E0%B8%A3%E0%B8%99%E0%B8%8B%E0%B9%8C%E0%B8%84%E0%B8%AD%E0%B8%A5%E0%B8%A5%E0%B8%B2%E0%B9%80%E0%B8%88%E0%B8%99-42-%E0%B8%A1%E0%B8%A5-/p/000000000014007089?productArs=false,https://store.brandsworld.co.th/extdata/ctl/images/112020/product/BRS14006177_800x800.jpg,แบรนด์รังนกแท้ อร่อย สดชื่น ผสานคุณประโยชน์ของรังนกด้วยคอลลาเจนจากฝรั่งเศส มี NANA สารที่เป็นเอกลักษณ์ของรังนกแท้ และ กรดอะมิโน 16 ชนิด,THB,545,545,1
BRS14007659,แบรนด์รังนกแท้ สูตรโสม 42 มล. 6 ขวด,https://store.brandsworld.co.th/%E0%B8%9C%E0%B8%A5%E0%B8%B4%E0%B8%95%E0%B8%A0%E0%B8%B1%E0%B8%93%E0%B8%91%E0%B9%8C%E0%B9%81%E0%B8%9A%E0%B8%A3%E0%B8%99%E0%B8%94%E0%B9%8C/%E0%B8%9C%E0%B8%A5%E0%B8%B4%E0%B8%95%E0%B8%A0%E0%B8%B1%E0%B8%93%E0%B8%91%E0%B9%8C/%E0%B9%81%E0%B8%9A%E0%B8%A3%E0%B8%99%E0%B8%94%E0%B9%8C%E0%B8%A3%E0%B8%B1%E0%B8%87%E0%B8%99%E0%B8%81%E0%B9%81%E0%B8%97%E0%B9%89/%E0%B9%81%E0%B8%9A%E0%B8%A3%E0%B8%99%E0%B8%94%E0%B9%8C%E0%B8%A3%E0%B8%B1%E0%B8%87%E0%B8%99%E0%B8%81%E0%B9%81%E0%B8%97%E0%B9%89-%E0%B8%AA%E0%B8%B9%E0%B8%95%E0%B8%A3%E0%B9%82%E0%B8%AA%E0%B8%A1-42-%E0%B8%A1%E0%B8%A5-/p/000000000014007659?productArs=false,https://store.brandsworld.co.th/medias/14007659-1200x1200.jpg?context=bWFzdGVyfGltYWdlc3wzODYzNjF8aW1hZ2UvanBlZ3xoODEvaDIyLzk1Mzk4MjEwNDM3NDIvMTQwMDc2NTlfMTIwMHgxMjAwLmpwZ3wwZGY5YjNiM2RjOWUzZTRhZDM2NWY4YWYzODc0NWM1NmM2YzM4NjRmNjYzMmMyY2NlODdlMTk2Mjc1OWU0NzVh,แบรนด์รังนกแท้ อร่อย สดชื่น ผสานคุณประโยชน์ของรังนกด้วยโสมสกัด มี NANA สารที่เป็นเอกลักษณ์ของรังนกแท้ และ กรดอะมิโน 16 ชนิด,THB,545,545,1
BRS14007656,แบรนด์รังนกแท้ สูตรถั่งเช่าสีทอง 42 มล.,https://store.brandsworld.co.th/%E0%B8%9C%E0%B8%A5%E0%B8%B4%E0%B8%95%E0%B8%A0%E0%B8%B1%E0%B8%93%E0%B8%91%E0%B9%8C%E0%B9%81%E0%B8%9A%E0%B8%A3%E0%B8%99%E0%B8%94%E0%B9%8C/%E0%B8%9C%E0%B8%A5%E0%B8%B4%E0%B8%95%E0%B8%A0%E0%B8%B1%E0%B8%93%E0%B8%91%E0%B9%8C/%E0%B9%81%E0%B8%9A%E0%B8%A3%E0%B8%99%E0%B8%94%E0%B9%8C%E0%B8%A3%E0%B8%B1%E0%B8%87%E0%B8%99%E0%B8%81%E0%B9%81%E0%B8%97%E0%B9%89/%E0%B9%81%E0%B8%9A%E0%B8%A3%E0%B8%99%E0%B8%94%E0%B9%8C%E0%B8%A3%E0%B8%B1%E0%B8%87%E0%B8%99%E0%B8%81%E0%B9%81%E0%B8%97%E0%B9%89-%E0%B8%AA%E0%B8%B9%E0%B8%95%E0%B8%A3%E0%B8%96%E0%B8%B1%E0%B9%88%E0%B8%87%E0%B9%80%E0%B8%8A%E0%B9%88%E0%B8%B2%E0%B8%AA%E0%B8%B5%E0%B8%97%E0%B8%AD%E0%B8%87-42-%E0%B8%A1%E0%B8%A5-/p/000000000014007656?productArs=false,https://store.brandsworld.co.th/medias/14007656-1200x1200.jpg?context=bWFzdGVyfGltYWdlc3w0MDcyMTR8aW1hZ2UvanBlZ3xhREZoTDJnNE9TODVOVE01T0RJd01USTJNak00THpFME1EQTNOalUyWHpFeU1EQjRNVEl3TUM1cWNHY3xkYjBiMDdhNDRhZjM5NmI4YzkxYTU2ZmE1YzdlZjI3YTU5ZjkyZTVlZGU4OGQ4YzliNGYxYzEwZDYyM2IyYTg0,ใหม่ แบรนด์รังนกแท้ สูตรถั่งเช่าสีทอง มี NANA (N-Acetylneuraminic acid) สารที่เป็นเอกลักษณ์ของรังนกแท้ และ กรดอะมิโน 16 ชนิด ผสานคุณประโยชน์ของรังนก ด้วยถั่งเช่าสีทองชั้นดี เต็ม ๆ เน้น ๆ ซึ่งถั่งเช่านับเป็นสมุนไพรจีนล้ำค่าดุจทองคำ สำหรับถวายองค์จักรพรรดิ์มาแต่โบราณ และได้รับความนิยมมาจนถึงปัจจุบัน ช่วยบำรุงร่างกายให้แข็งแรงจากภายใน เสริมภูมิคุ้มกัน อร่อย สดชื่น รสชาติกลมกล่อมพอดีจากน้ำตาลกรวด,THB,545,545,1
BRS14007355,แบรนด์รังนกแท้ กลิ่นส้มยูซุ 42 มล.,https://store.brandsworld.co.th/%E0%B8%9C%E0%B8%A5%E0%B8%B4%E0%B8%95%E0%B8%A0%E0%B8%B1%E0%B8%93%E0%B8%91%E0%B9%8C%E0%B9%81%E0%B8%9A%E0%B8%A3%E0%B8%99%E0%B8%94%E0%B9%8C/%E0%B8%9C%E0%B8%A5%E0%B8%B4%E0%B8%95%E0%B8%A0%E0%B8%B1%E0%B8%93%E0%B8%91%E0%B9%8C/%E0%B9%81%E0%B8%9A%E0%B8%A3%E0%B8%99%E0%B8%94%E0%B9%8C%E0%B8%A3%E0%B8%B1%E0%B8%87%E0%B8%99%E0%B8%81%E0%B9%81%E0%B8%97%E0%B9%89/%E0%B9%81%E0%B8%9A%E0%B8%A3%E0%B8%99%E0%B8%94%E0%B9%8C%E0%B8%A3%E0%B8%B1%E0%B8%87%E0%B8%99%E0%B8%81%E0%B9%81%E0%B8%97%E0%B9%89-%E0%B8%81%E0%B8%A5%E0%B8%B4%E0%B9%88%E0%B8%99%E0%B8%AA%E0%B9%89%E0%B8%A1%E0%B8%A2%E0%B8%B9%E0%B8%8B%E0%B8%B8-42-%E0%B8%A1%E0%B8%A5-/p/000000000014007355?productArs=false,https://store.brandsworld.co.th/medias/14006959-1200x1200.jpg?context=bWFzdGVyfGltYWdlc3w1Mjc0NjJ8aW1hZ2UvanBlZ3xoNjcvaDAxLzkyNjU5OTAyNzEwMDYvMTQwMDY5NTlfMTIwMHgxMjAwLmpwZ3w2OTQxYjNkNzEyM2UwM2Y0YjFjMzcwM2Q5NjcwNjdhYjI5ZjFlNmIwZDc4ODVkZTQwMTIzM2U2NmExOGJiOWRi,รู้สึกสดชื่นไปกับกลิ่นหอมของส้มยูซุ และประโยชน์จากรังนกแท้ มี NANA (N-Acetylneuraminic acid) สารที่เป็นเอกลักษณ์ของรังนกแท้ และ กรดอะมิโน 16 ชนิด,THB,545,545,1
BRS14007651,แบรนด์รังนกแท้ สูตรคลาสสิค ผสมน้ำตาลกรวด 70 มล. 6 ขวด,https://store.brandsworld.co.th/%E0%B8%9C%E0%B8%A5%E0%B8%B4%E0%B8%95%E0%B8%A0%E0%B8%B1%E0%B8%93%E0%B8%91%E0%B9%8C%E0%B9%81%E0%B8%9A%E0%B8%A3%E0%B8%99%E0%B8%94%E0%B9%8C/%E0%B8%9C%E0%B8%A5%E0%B8%B4%E0%B8%95%E0%B8%A0%E0%B8%B1%E0%B8%93%E0%B8%91%E0%B9%8C/%E0%B9%81%E0%B8%9A%E0%B8%A3%E0%B8%99%E0%B8%94%E0%B9%8C%E0%B8%A3%E0%B8%B1%E0%B8%87%E0%B8%99%E0%B8%81%E0%B9%81%E0%B8%97%E0%B9%89/%E0%B9%81%E0%B8%9A%E0%B8%A3%E0%B8%99%E0%B8%94%E0%B9%8C%E0%B8%A3%E0%B8%B1%E0%B8%87%E0%B8%99%E0%B8%81%E0%B9%81%E0%B8%97%E0%B9%89-%E0%B8%AA%E0%B8%B9%E0%B8%95%E0%B8%A3%E0%B8%84%E0%B8%A5%E0%B8%B2%E0%B8%AA%E0%B8%AA%E0%B8%B4%E0%B8%84-%E0%B8%9C%E0%B8%AA%E0%B8%A1%E0%B8%99%E0%B9%89%E0%B8%B3%E0%B8%95%E0%B8%B2%E0%B8%A5%E0%B8%81%E0%B8%A3%E0%B8%A7%E0%B8%94-70-%E0%B8%A1%E0%B8%A5-/p/000000000014007651?productArs=false,https://store.brandsworld.co.th/medias/14007651-1200x1200.jpg?context=bWFzdGVyfGltYWdlc3wzOTc4OTF8aW1hZ2UvanBlZ3xoZWEvaGFhLzk1MzUwMzM1MDc4NzAvMTQwMDc2NTFfMTIwMHgxMjAwLmpwZ3w5YjQzOTUxNGU1NDU1YmJjM2FiYWQwOTIxZmY5NmJkMGY4ZmI3OGFhMDcxODQ2NGNhMzhiNWIxNzAxY2EwZmZj,แบรนด์รังนกแท้ อร่อย สดชื่น พร้อมรสชาติกลมกล่อมพอดีจากน้ำตาลกรวด มี NANA สารที่เป็นเอกลักษณ์ของรังนกแท้ และ กรดอะมิโน 16 ชนิด,THB,877,877,1
BRS14007654,แบรนด์รังนกแท้ สูตรไซลิทอล 70 มล. 6 ขวด,https://store.brandsworld.co.th/%E0%B8%9C%E0%B8%A5%E0%B8%B4%E0%B8%95%E0%B8%A0%E0%B8%B1%E0%B8%93%E0%B8%91%E0%B9%8C%E0%B9%81%E0%B8%9A%E0%B8%A3%E0%B8%99%E0%B8%94%E0%B9%8C/%E0%B8%9C%E0%B8%A5%E0%B8%B4%E0%B8%95%E0%B8%A0%E0%B8%B1%E0%B8%93%E0%B8%91%E0%B9%8C/%E0%B9%81%E0%B8%9A%E0%B8%A3%E0%B8%99%E0%B8%94%E0%B9%8C%E0%B8%A3%E0%B8%B1%E0%B8%87%E0%B8%99%E0%B8%81%E0%B9%81%E0%B8%97%E0%B9%89/%E0%B9%81%E0%B8%9A%E0%B8%A3%E0%B8%99%E0%B8%94%E0%B9%8C%E0%B8%A3%E0%B8%B1%E0%B8%87%E0%B8%99%E0%B8%81%E0%B9%81%E0%B8%97%E0%B9%89-%E0%B8%AA%E0%B8%B9%E0%B8%95%E0%B8%A3%E0%B9%84%E0%B8%8B%E0%B8%A5%E0%B8%B4%E0%B8%97%E0%B8%AD%E0%B8%A5-70-%E0%B8%A1%E0%B8%A5-/p/000000000014007654?productArs=false,https://store.brandsworld.co.th/medias/14007654-1200x1200.jpg?context=bWFzdGVyfGltYWdlc3w0MTUyMTB8aW1hZ2UvanBlZ3xoMjYvaDgxLzk1MzUwMzU1Mzk0ODYvMTQwMDc2NTRfMTIwMHgxMjAwLmpwZ3w3MDFhYmUyN2Q1N2M5NTYxZjI0MzgwYzgxNmI5NjBiODE4NWRhZjhhMzhlMTYyMzdiNmU3Yjc5NjJiNmEyZjdl,แบรนด์รังนกแท้ อร่อย สดชื่น หวานจากไซลิทอล ซึ่งเป็นสารความหวานจากพืชธรรมชาติแทนน้ำตาล มี NANA สารที่เป็นเอกลักษณ์ของรังนกแท้ และ กรดอะมิโน 16 ชนิด,THB,877,877,1
BRS14007992,แบรนด์รังนกแท้ เอ็มเพอร์เรอร์ สูตรรวมสมุนไพร ผสมน้ำตาลกรวด 42 มล,https://store.brandsworld.co.th/%E0%B8%9C%E0%B8%A5%E0%B8%B4%E0%B8%95%E0%B8%A0%E0%B8%B1%E0%B8%93%E0%B8%91%E0%B9%8C%E0%B9%81%E0%B8%9A%E0%B8%A3%E0%B8%99%E0%B8%94%E0%B9%8C/%E0%B8%9C%E0%B8%A5%E0%B8%B4%E0%B8%95%E0%B8%A0%E0%B8%B1%E0%B8%93%E0%B8%91%E0%B9%8C/%E0%B9%81%E0%B8%9A%E0%B8%A3%E0%B8%99%E0%B8%94%E0%B9%8C%E0%B8%A3%E0%B8%B1%E0%B8%87%E0%B8%99%E0%B8%81%E0%B9%81%E0%B8%97%E0%B9%89/%E0%B9%81%E0%B8%9A%E0%B8%A3%E0%B8%99%E0%B8%94%E0%B9%8C%E0%B8%A3%E0%B8%B1%E0%B8%87%E0%B8%99%E0%B8%81%E0%B9%81%E0%B8%97%E0%B9%89-%E0%B9%80%E0%B8%AD%E0%B9%87%E0%B8%A1%E0%B9%80%E0%B8%9E%E0%B8%AD%E0%B8%A3%E0%B9%8C%E0%B9%80%E0%B8%A3%E0%B8%AD%E0%B8%A3%E0%B9%8C-%E0%B8%AA%E0%B8%B9%E0%B8%95%E0%B8%A3%E0%B8%A3%E0%B8%A7%E0%B8%A1%E0%B8%AA%E0%B8%A1%E0%B8%B8%E0%B8%99%E0%B9%84%E0%B8%9E%E0%B8%A3-%E0%B8%9C%E0%B8%AA%E0%B8%A1%E0%B8%99%E0%B9%89%E0%B8%B3%E0%B8%95%E0%B8%B2%E0%B8%A5%E0%B8%81%E0%B8%A3%E0%B8%A7%E0%B8%94-42-%E0%B8%A1%E0%B8%A5/p/000000000014007992?productArs=false,https://store.brandsworld.co.th/medias/14007992-1200x1200.jpg?context=bWFzdGVyfGltYWdlc3w1MjQ2NTJ8aW1hZ2UvanBlZ3xhRGRqTDJneU15ODVOall3TXpJd09EQTRPVGt3THpFME1EQTNPVGt5WHpFeU1EQjRNVEl3TUM1cWNHY3xhMjdjZjE3ODRlOGM1NmRlY2Q5MzNlNjU2MDllZDhhMzY2OTQwNGNiMGMyYWNjMWE4YzAxYTZkYTZlMDNjNmRi,แบรนด์รังนกแท้ เอ็มเพอร์เรอร์ สูตรรวมสมุนไพร ถั่งเช่าสีทอง โสม และเห็ดหลินจือ มี NANA (นานะ หรือ N-Acetylneuraminic acid) สารที่เป็นเอกลักษณ์ของรังนกแท้ ผลิตจากรังนกแท้คุณภาพชั้นดี ถั่งเช่าสีทอง โสม และเห็ดหลินจือ ผ่านขั้นตอนการผลิตและการตรวจสอบคุณภาพอย่างพิถีพิถันกว่า 150 ขั้นตอน จากบริษัท ซันโทรี่ เบเวอเรจ แอนด์ ฟู้ด (ประเทศไทย) จำกัด,THB,599,599,1
BRS14007608,วิโทอาซ สเปเชียล อิน วัน เซรั่ม 120 มล.,https://store.brandsworld.co.th/%E0%B8%9C%E0%B8%A5%E0%B8%B4%E0%B8%95%E0%B8%A0%E0%B8%B1%E0%B8%93%E0%B8%91%E0%B9%8C%E0%B9%81%E0%B8%9A%E0%B8%A3%E0%B8%99%E0%B8%94%E0%B9%8C/%E0%B8%9C%E0%B8%A5%E0%B8%B4%E0%B8%95%E0%B8%A0%E0%B8%B1%E0%B8%93%E0%B8%91%E0%B9%8C/%E0%B8%9C%E0%B8%A5%E0%B8%B4%E0%B8%95%E0%B8%A0%E0%B8%B1%E0%B8%93%E0%B8%91%E0%B9%8C%E0%B8%9A%E0%B8%B3%E0%B8%A3%E0%B8%B8%E0%B8%87%E0%B8%9C%E0%B8%B4%E0%B8%A7%E0%B8%AB%E0%B8%99%E0%B9%89%E0%B8%B2/%E0%B8%A7%E0%B8%B4%E0%B9%82%E0%B8%97%E0%B8%AD%E0%B8%B2%E0%B8%8B-%E0%B8%AA%E0%B9%80%E0%B8%9B%E0%B9%80%E0%B8%8A%E0%B8%B5%E0%B8%A2%E0%B8%A5-%E0%B8%AD%E0%B8%B4%E0%B8%99-%E0%B8%A7%E0%B8%B1%E0%B8%99-%E0%B9%80%E0%B8%8B%E0%B8%A3%E0%B8%B1%E0%B9%88%E0%B8%A1-120-%E0%B8%A1%E0%B8%A5-/p/000000000014007608?productArs=false,https://store.brandsworld.co.th/medias/14007608-1200x1200.jpg?context=bWFzdGVyfGltYWdlc3wyNzAyNTl8aW1hZ2UvanBlZ3xoMGYvaDk0Lzk0OTU1MzM4NzkzMjYvMTQwMDc2MDhfMTIwMHgxMjAwLmpwZ3w3NTYxMWVmNDNmYTA2ZmYyZjJlOGQxNWMyNjVjMGEzZjM0MzMwYTdlZWE3YWUwNjI2ZjVjMDI2MDk2MDgxMjk2,วิโทอาซ สเปเชียล อิน วัน เซรั่ม ด้วย “WOW” เทคโนโลยีสิทธิบัตรเฉพาะของซันโทรี่ ที่ผสานส่วนผสมเพื่อการบ่ารุงผิวในแต่ละขั้นตอนให้เป็นการดูแลผิว แบบครบวงจรในขั้นตอนเดียว ตอบโจทย์ปัญหาผิวใน 5 มิติ,THB,3600,3600,1
BRS14007609,วิโทอาซ สเปเชียล อิน วัน เซรั่ม 20 มล.,https://store.brandsworld.co.th/%E0%B8%9C%E0%B8%A5%E0%B8%B4%E0%B8%95%E0%B8%A0%E0%B8%B1%E0%B8%93%E0%B8%91%E0%B9%8C%E0%B9%81%E0%B8%9A%E0%B8%A3%E0%B8%99%E0%B8%94%E0%B9%8C/%E0%B8%9C%E0%B8%A5%E0%B8%B4%E0%B8%95%E0%B8%A0%E0%B8%B1%E0%B8%93%E0%B8%91%E0%B9%8C/%E0%B8%9C%E0%B8%A5%E0%B8%B4%E0%B8%95%E0%B8%A0%E0%B8%B1%E0%B8%93%E0%B8%91%E0%B9%8C%E0%B8%9A%E0%B8%B3%E0%B8%A3%E0%B8%B8%E0%B8%87%E0%B8%9C%E0%B8%B4%E0%B8%A7%E0%B8%AB%E0%B8%99%E0%B9%89%E0%B8%B2/%E0%B8%A7%E0%B8%B4%E0%B9%82%E0%B8%97%E0%B8%AD%E0%B8%B2%E0%B8%8B-%E0%B8%AA%E0%B9%80%E0%B8%9B%E0%B9%80%E0%B8%8A%E0%B8%B5%E0%B8%A2%E0%B8%A5-%E0%B8%AD%E0%B8%B4%E0%B8%99-%E0%B8%A7%E0%B8%B1%E0%B8%99-%E0%B9%80%E0%B8%8B%E0%B8%A3%E0%B8%B1%E0%B9%88%E0%B8%A1-20-%E0%B8%A1%E0%B8%A5-/p/000000000014007609?productArs=false,https://store.brandsworld.co.th/medias/14007609-1200x1200.jpg?context=bWFzdGVyfGltYWdlc3wyNzUzMDl8aW1hZ2UvanBlZ3xoZTgvaGIyLzk0OTEzODYzMDI0OTQvMTQwMDc2MDlfMTIwMHgxMjAwLmpwZ3xkNGNkYjg3YmFmOTAzOTBmYWZjYjExMTA3NDhmMjM5YjRmYTU5MGIxZDdlNGIyNjhlYTYyYTA4ZDg5Y2ZhYmZl,วิโทอาซ สเปเชียล อิน วัน เซรั่ม ด้วย “WOW” เทคโนโลยีสิทธิบัตรเฉพาะของซันโทรี่ ที่ผสานส่วนผสมเพื่อการบ่ารุงผิวในแต่ละขั้นตอนให้เป็นการดูแลผิว แบบครบวงจรในขั้นตอนเดียว ตอบโจทย์ปัญหาผิวใน 5 มิติ,THB,1000,1000,1
BRS14008058,วารอน เซรั่ม คลาสสิก ขนาด 120 มล.,https://store.brandsworld.co.th/%E0%B8%9C%E0%B8%A5%E0%B8%B4%E0%B8%95%E0%B8%A0%E0%B8%B1%E0%B8%93%E0%B8%91%E0%B9%8C%E0%B8%9A%E0%B8%B3%E0%B8%A3%E0%B8%B8%E0%B8%87%E0%B8%9C%E0%B8%B4%E0%B8%A7%E0%B8%AB%E0%B8%99%E0%B9%89%E0%B8%B2/Varon/%E0%B8%A7%E0%B8%B2%E0%B8%A3%E0%B8%AD%E0%B8%99-%E0%B9%80%E0%B8%8B%E0%B8%A3%E0%B8%B1%E0%B9%88%E0%B8%A1-%E0%B8%84%E0%B8%A5%E0%B8%B2%E0%B8%AA%E0%B8%AA%E0%B8%B4%E0%B8%81-%E0%B8%82%E0%B8%99%E0%B8%B2%E0%B8%94-120-%E0%B8%A1%E0%B8%A5-/p/000000000014008058?productArs=false,https://store.brandsworld.co.th/medias/14008058-1200x1200.jpg?context=bWFzdGVyfGltYWdlc3wxMjE5MjR8aW1hZ2UvanBlZ3xoMDQvaGRjLzk1ODYyOTIzNTkxOTgvMTQwMDgwNThfMTIwMHgxMjAwLmpwZ3w0ZjNkYWViNzYzYzBhMGI0NWFjMDkzMDNiMDZkMDg3NmI2NzU1MjZjMzk4MmZhNThhMGEwNTFiOGRmYmJmMGIy,"วารอน เมนส์ อินเทนซีฟ เซรั่ม คลาสสิก สัมผัสความคลาสสิค ด้วยกลิ่น Fougere ผสมผสานมัสก์ เฟิร์น ลาเวนเดอร์ โอ๊คมอส หอมเข้มสะท้อนตัวตนที่มีสเน่ห์ไม่เหมือนใครผลิตในประเทศญี่ปุ่น ด้วยอีมัลซิฟิเคชั่นเทคโนโลยี หรือ W/O/W (Water-in-Oil-in-Water) ที่คิดค้นและจดสิทธิบัตร โดย ซันโทรี่ เวลเนส W/O/W เทคโนโลยี เป็น การรวมกันของโลชั่น, ครีม และ เซรั่ม ซึ่งช่วย เปิด ให้ความชุ่มชื้นแก่ผิว, ซึม เข้าบำรุงลึกถึงชั้นผิว, ล็อก ความชุ่มชื้นให้ผิวดูอิ่มน้ำ ด้วยดีไซน์ที่ทันสมัย ในแต่ละปั๊มของ วารอน ให้ผิวคุณได้ซึมซับส่วนประกอบสุดพิเศษ อย่าง สารสกัดจากสแปนิชโอ๊ควู๊ด ที่ใช้ในการผลิตถังซันโทรี่วิสกี้, สารสกัดจากชาอู่หลง, อิโนซิทอล และ สารสกัดจากพืช สควาลีน ช่วยตอบโจทย์ปัญหาผิว 4 ประการ",THB,2990,2990,1
BRS14008059,วารอน เซรั่ม คลาสสิก ขนาด 20 มล.,https://store.brandsworld.co.th/%E0%B8%9C%E0%B8%A5%E0%B8%B4%E0%B8%95%E0%B8%A0%E0%B8%B1%E0%B8%93%E0%B8%91%E0%B9%8C%E0%B8%9A%E0%B8%B3%E0%B8%A3%E0%B8%B8%E0%B8%87%E0%B8%9C%E0%B8%B4%E0%B8%A7%E0%B8%AB%E0%B8%99%E0%B9%89%E0%B8%B2/Varon/%E0%B8%A7%E0%B8%B2%E0%B8%A3%E0%B8%AD%E0%B8%99-%E0%B9%80%E0%B8%8B%E0%B8%A3%E0%B8%B1%E0%B9%88%E0%B8%A1-%E0%B8%84%E0%B8%A5%E0%B8%B2%E0%B8%AA%E0%B8%AA%E0%B8%B4%E0%B8%81-%E0%B8%82%E0%B8%99%E0%B8%B2%E0%B8%94-20-%E0%B8%A1%E0%B8%A5-/p/000000000014008059?productArs=false,https://store.brandsworld.co.th/medias/14008059-1200x1200.jpg?context=bWFzdGVyfGltYWdlc3wxMDk2MTd8aW1hZ2UvanBlZ3xoODcvaDYwLzk1OTUyMDg3Mjg2MDYvMTQwMDgwNTlfMTIwMHgxMjAwLmpwZ3wwOWQzMzQ4ODFkZDFiNDA4NjE0MWY4OTJjN2Q3M2Q2NGU3MDg0OTQyYTIwYWFjNjViZTAyYWY3MmRkOTY4ODNm,"วารอน เมนส์ อินเทนซีฟ เซรั่ม คลาสสิก สัมผัสความคลาสสิค ด้วยกลิ่น Fougere ผสมผสานมัสก์ เฟิร์น ลาเวนเดอร์ โอ๊คมอส หอมเข้มสะท้อนตัวตนที่มีสเน่ห์ไม่เหมือนใครผลิตในประเทศญี่ปุ่น ด้วยอีมัลซิฟิเคชั่นเทคโนโลยี หรือ W/O/W (Water-in-Oil-in-Water) ที่คิดค้นและจดสิทธิบัตร โดย ซันโทรี่ เวลเนส W/O/W เทคโนโลยี เป็น การรวมกันของโลชั่น, ครีม และ เซรั่ม ซึ่งช่วย เปิด ให้ความชุ่มชื้นแก่ผิว, ซึม เข้าบำรุงลึกถึงชั้นผิว, ล็อก ความชุ่มชื้นให้ผิวดูอิ่มน้ำ ด้วยดีไซน์ที่ทันสมัย ในแต่ละปั๊มของ วารอน ให้ผิวคุณได้ซึมซับส่วนประกอบสุดพิเศษ อย่าง สารสกัดจากสแปนิชโอ๊ควู๊ด ที่ใช้ในการผลิตถังซันโทรี่วิสกี้, สารสกัดจากชาอู่หลง, อิโนซิทอล และ สารสกัดจากพืช สควาลีน ช่วยตอบโจทย์ปัญหาผิว 4 ประการ",THB,790,790,1
BRS14008056,วารอน เซรั่ม ออริจินัล ขนาด 120 มล.,https://store.brandsworld.co.th/%E0%B8%9C%E0%B8%A5%E0%B8%B4%E0%B8%95%E0%B8%A0%E0%B8%B1%E0%B8%93%E0%B8%91%E0%B9%8C%E0%B8%9A%E0%B8%B3%E0%B8%A3%E0%B8%B8%E0%B8%87%E0%B8%9C%E0%B8%B4%E0%B8%A7%E0%B8%AB%E0%B8%99%E0%B9%89%E0%B8%B2/Varon/%E0%B8%A7%E0%B8%B2%E0%B8%A3%E0%B8%AD%E0%B8%99-%E0%B9%80%E0%B8%8B%E0%B8%A3%E0%B8%B1%E0%B9%88%E0%B8%A1-%E0%B8%AD%E0%B8%AD%E0%B8%A3%E0%B8%B4%E0%B8%88%E0%B8%B4%E0%B8%99%E0%B8%B1%E0%B8%A5-%E0%B8%82%E0%B8%99%E0%B8%B2%E0%B8%94-120-%E0%B8%A1%E0%B8%A5-/p/000000000014008056?productArs=false,https://store.brandsworld.co.th/medias/14008056-1200x1200.jpg?context=bWFzdGVyfGltYWdlc3wxMTk3ODd8aW1hZ2UvanBlZ3xoMjIvaDA5Lzk1OTUyMDk3MTE2NDYvMTQwMDgwNTZfMTIwMHgxMjAwLmpwZ3xiMTg4MWRlN2FiNmFjNTBjOTE1YjYwMzQ0NzkwNGU1YjQyMDM5YTY0YzU2YTcwNzBlOWZhMTk2NDQ4YmEzMmFk,"วารอน เมนส์ อินเทนซีฟ เซรั่ม ออริจินัล สัมผัสความเหนือระดับ ด้วยกลิ่นแนววู้ดดี้คอตตอน หอมสะอาด นุ่มละมุน สะท้อน young spirit ในการใช้ชีวิตผลิตในประเทศญี่ปุ่น ด้วยอีมัลซิฟิเคชั่นเทคโนโลยี หรือ W/O/W (Water-in-Oil-in-Water) ที่คิดค้นและจดสิทธิบัตร โดย ซันโทรี่ เวลเนส W/O/W เทคโนโลยี เป็น การรวมกันของโลชั่น, ครีม และ เซรั่ม ซึ่งช่วย เปิด ให้ความชุ่มชื้นแก่ผิว, ซึม เข้าบำรุงลึกถึงชั้นผิว, ล็อก ความชุ่มชื้นให้ผิวดูอิ่มน้ำ ด้วยดีไซน์ที่ทันสมัย ในแต่ละปั๊มของ วารอน ให้ผิวคุณได้ซึมซับส่วนประกอบสุดพิเศษ อย่าง สารสกัดจากสแปนิชโอ๊ควู๊ด ที่ใช้ในการผลิตถังซันโทรี่วิสกี้,สารสกัดจากชาอู่หลง, อิโนซิทอล และ สารสกัดจากพืช สควาลีน ช่วยตอบโจทย์ปัญหาผิว 4 ประการ",THB,2990,2990,1
BRS14008057,วารอน เซรั่ม ออริจินัล ขนาด 20 มล.,https://store.brandsworld.co.th/%E0%B8%9C%E0%B8%A5%E0%B8%B4%E0%B8%95%E0%B8%A0%E0%B8%B1%E0%B8%93%E0%B8%91%E0%B9%8C%E0%B8%9A%E0%B8%B3%E0%B8%A3%E0%B8%B8%E0%B8%87%E0%B8%9C%E0%B8%B4%E0%B8%A7%E0%B8%AB%E0%B8%99%E0%B9%89%E0%B8%B2/Varon/%E0%B8%A7%E0%B8%B2%E0%B8%A3%E0%B8%AD%E0%B8%99-%E0%B9%80%E0%B8%8B%E0%B8%A3%E0%B8%B1%E0%B9%88%E0%B8%A1-%E0%B8%AD%E0%B8%AD%E0%B8%A3%E0%B8%B4%E0%B8%88%E0%B8%B4%E0%B8%99%E0%B8%B1%E0%B8%A5-%E0%B8%82%E0%B8%99%E0%B8%B2%E0%B8%94-20-%E0%B8%A1%E0%B8%A5-/p/000000000014008057?productArs=false,https://store.brandsworld.co.th/medias/14008057-1200x1200.jpg?context=bWFzdGVyfGltYWdlc3wxMTAyMTF8aW1hZ2UvanBlZ3xoMjgvaDc1Lzk1OTUyMTE3NDMyNjIvMTQwMDgwNTdfMTIwMHgxMjAwLmpwZ3xjOGNjNmFiNjZjNzUzNDAwNzIyNWZmNzdhNDQwZmNiN2U2MTMwMjhkMDVmNTYyZWE2ZGFlMjI1MDNlYzkwMjdh,"วารอน เมนส์ อินเทนซีฟ เซรั่ม ออริจินัล สัมผัสความเหนือระดับ ด้วยกลิ่นแนววู้ดดี้คอตตอน หอมสะอาด นุ่มละมุน สะท้อน young spirit ในการใช้ชีวิตผลิตในประเทศญี่ปุ่น ด้วยอีมัลซิฟิเคชั่นเทคโนโลยี หรือ W/O/W (Water-in-Oil-in-Water) ที่คิดค้นและจดสิทธิบัตร โดย ซันโทรี่ เวลเนส W/O/W เทคโนโลยี เป็น การรวมกันของโลชั่น, ครีม และ เซรั่ม ซึ่งช่วย เปิด ให้ความชุ่มชื้นแก่ผิว, ซึม เข้าบำรุงลึกถึงชั้นผิว, ล็อก ความชุ่มชื้นให้ผิวดูอิ่มน้ำ ด้วยดีไซน์ที่ทันสมัย ในแต่ละปั๊มของ วารอน ให้ผิวคุณได้ซึมซับส่วนประกอบสุดพิเศษ อย่าง สารสกัดจากสแปนิชโอ๊ควู๊ด ที่ใช้ในการผลิตถังซันโทรี่วิสกี้,สารสกัดจากชาอู่หลง, อิโนซิทอล และ สารสกัดจากพืช สควาลีน ช่วยตอบโจทย์ปัญหาผิว 4 ประการ",THB,790,790,1
BRS14008060,วารอน เซรั่ม เฟรช ขนาด 120 มล.,https://store.brandsworld.co.th/%E0%B8%9C%E0%B8%A5%E0%B8%B4%E0%B8%95%E0%B8%A0%E0%B8%B1%E0%B8%93%E0%B8%91%E0%B9%8C%E0%B8%9A%E0%B8%B3%E0%B8%A3%E0%B8%B8%E0%B8%87%E0%B8%9C%E0%B8%B4%E0%B8%A7%E0%B8%AB%E0%B8%99%E0%B9%89%E0%B8%B2/Varon/%E0%B8%A7%E0%B8%B2%E0%B8%A3%E0%B8%AD%E0%B8%99-%E0%B9%80%E0%B8%8B%E0%B8%A3%E0%B8%B1%E0%B9%88%E0%B8%A1-%E0%B9%80%E0%B8%9F%E0%B8%A3%E0%B8%8A-%E0%B8%82%E0%B8%99%E0%B8%B2%E0%B8%94-120-%E0%B8%A1%E0%B8%A5-/p/000000000014008060?productArs=false,https://store.brandsworld.co.th/medias/14008060-1200x1200.jpg?context=bWFzdGVyfGltYWdlc3wxMjEyNzJ8aW1hZ2UvanBlZ3xoNWMvaGM4Lzk1OTUyMTQ3NTc5MTgvMTQwMDgwNjBfMTIwMHgxMjAwLmpwZ3w3NTQyOGYzY2JhMDliMDdmYTUxZDEzYjk2YWFhNTQwY2NmNTQzYjJiYTU5ZDJiOTdhNWY4YTU2OTUwMTI3YWRm,"วารอน เมนส์ อินเทนซีฟ เซรั่ม เฟรซ สัมผัสความสดชื่น ด้วยกลิ่น Citrus Floral หอมสดชื่น มีเอกลักษณ์พิเศษของดอกกุหลาบ Blue Rose Applause สะท้อนสเน่ห์มั่นใจผลิตในประเทศญี่ปุ่น ด้วยอีมัลซิฟิเคชั่นเทคโนโลยี หรือ W/O/W (Water-in-Oil-in-Water) ที่คิดค้นและจดสิทธิบัตร โดย ซันโทรี่ เวลเนส W/O/W เทคโนโลยี เป็น การรวมกันของโลชั่น, ครีม และ เซรั่ม ซึ่งช่วย เปิด ให้ความชุ่มชื้นแก่ผิว, ซึม เข้าบำรุงลึกถึงชั้นผิว, ล็อก ความชุ่มชื้นให้ผิวดูอิ่มน้ำ ด้วยดีไซน์ที่ทันสมัย ในแต่ละปั๊มของ วารอน ให้ผิวคุณได้ซึมซับส่วนประกอบสุดพิเศษ อย่าง สารสกัดจากสแปนิชโอ๊ควู๊ด ที่ใช้ในการผลิตถังซันโทรี่วิสกี้, สารสกัดจากชาอู่หลง, อิโนซิทอล และ สารสกัดจากพืช สควาลีน ช่วยตอบโจทย์ปัญหาผิว 4 ประการ",THB,2990,2990,1
BRS14008061,วารอน เซรั่ม เฟรช ขนาด 20 มล.,https://store.brandsworld.co.th/%E0%B8%9C%E0%B8%A5%E0%B8%B4%E0%B8%95%E0%B8%A0%E0%B8%B1%E0%B8%93%E0%B8%91%E0%B9%8C%E0%B8%9A%E0%B8%B3%E0%B8%A3%E0%B8%B8%E0%B8%87%E0%B8%9C%E0%B8%B4%E0%B8%A7%E0%B8%AB%E0%B8%99%E0%B9%89%E0%B8%B2/Varon/%E0%B8%A7%E0%B8%B2%E0%B8%A3%E0%B8%AD%E0%B8%99-%E0%B9%80%E0%B8%8B%E0%B8%A3%E0%B8%B1%E0%B9%88%E0%B8%A1-%E0%B9%80%E0%B8%9F%E0%B8%A3%E0%B8%8A-%E0%B8%82%E0%B8%99%E0%B8%B2%E0%B8%94-20-%E0%B8%A1%E0%B8%A5-/p/000000000014008061?productArs=false,https://store.brandsworld.co.th/medias/14008061-1200x1200.jpg?context=bWFzdGVyfGltYWdlc3wxMDkwMTZ8aW1hZ2UvanBlZ3xoNjgvaDRhLzk1OTUyMTMxODUwNTQvMTQwMDgwNjFfMTIwMHgxMjAwLmpwZ3xkZWEwNWMwNTI4MGU3MDc0OTBjYzhiY2Q4YWI1NWM0MWY4ZjkxYjE2MDViNTYzYTAzOTdlODQyYjJjNDVmNDdk,"วารอน เมนส์ อินเทนซีฟ เซรั่ม เฟรซ สัมผัสความสดชื่น ด้วยกลิ่น Citrus Floral หอมสดชื่น มีเอกลักษณ์พิเศษของดอกกุหลาบ Blue Rose Applause สะท้อนสเน่ห์มั่นใจผลิตในประเทศญี่ปุ่น ด้วยอีมัลซิฟิเคชั่นเทคโนโลยี หรือ W/O/W (Water-in-Oil-in-Water) ที่คิดค้นและจดสิทธิบัตร โดย ซันโทรี่ เวลเนส W/O/W เทคโนโลยี เป็น การรวมกันของโลชั่น, ครีม และ เซรั่ม ซึ่งช่วย เปิด ให้ความชุ่มชื้นแก่ผิว, ซึม เข้าบำรุงลึกถึงชั้นผิว, ล็อก ความชุ่มชื้นให้ผิวดูอิ่มน้ำ ด้วยดีไซน์ที่ทันสมัย ในแต่ละปั๊มของ วารอน ให้ผิวคุณได้ซึมซับส่วนประกอบสุดพิเศษ อย่าง สารสกัดจากสแปนิชโอ๊ควู๊ด ที่ใช้ในการผลิตถังซันโทรี่วิสกี้, สารสกัดจากชาอู่หลง, อิโนซิทอล และ สารสกัดจากพืช สควาลีน ช่วยตอบโจทย์ปัญหาผิว 4 ประการ",THB,790,790,1
BRS14007432,ชุดของขวัญแบรนด์พรุนพลัสกรีนคอฟฟี่บีน 42 มล. 42 มล. 6 ขวด,https://store.brandsworld.co.th/%E0%B8%9C%E0%B8%A5%E0%B8%B4%E0%B8%95%E0%B8%A0%E0%B8%B1%E0%B8%93%E0%B8%91%E0%B9%8C%E0%B9%81%E0%B8%9A%E0%B8%A3%E0%B8%99%E0%B8%94%E0%B9%8C/%E0%B8%81%E0%B8%A3%E0%B8%B0%E0%B9%80%E0%B8%8A%E0%B9%89%E0%B8%B2%E0%B9%81%E0%B8%A5%E0%B8%B0%E0%B8%81%E0%B8%A5%E0%B9%88%E0%B8%AD%E0%B8%87%E0%B8%82%E0%B8%AD%E0%B8%87%E0%B8%82%E0%B8%A7%E0%B8%B1%E0%B8%8D-/%E0%B8%81%E0%B8%A5%E0%B9%88%E0%B8%AD%E0%B8%87%E0%B8%82%E0%B8%AD%E0%B8%87%E0%B8%82%E0%B8%A7%E0%B8%B1%E0%B8%8D/%E0%B8%8A%E0%B8%B8%E0%B8%94%E0%B8%82%E0%B8%AD%E0%B8%87%E0%B8%82%E0%B8%A7%E0%B8%B1%E0%B8%8D%E0%B9%81%E0%B8%9A%E0%B8%A3%E0%B8%99%E0%B8%94%E0%B9%8C%E0%B8%9E%E0%B8%A3%E0%B8%B8%E0%B8%99%E0%B8%9E%E0%B8%A5%E0%B8%B1%E0%B8%AA%E0%B8%81%E0%B8%A3%E0%B8%B5%E0%B8%99%E0%B8%84%E0%B8%AD%E0%B8%9F%E0%B8%9F%E0%B8%B5%E0%B9%88%E0%B8%9A%E0%B8%B5%E0%B8%99-42-%E0%B8%A1%E0%B8%A5-6-%E0%B8%82%E0%B8%A7%E0%B8%94/p/000000000014007432?productArs=false,https://store.brandsworld.co.th/medias/14007432-1200x1200.jpg?context=bWFzdGVyfGltYWdlc3w1MjQ0OTJ8aW1hZ2UvanBlZ3xhRGxoTDJoaU15ODVOREl4T0RVNE1EUTFPVGd5THpFME1EQTNORE15WHpFeU1EQjRNVEl3TUM1cWNHY3wzN2MxYTczYWVlZGE3NWIyYWEyN2FlNjhiZWRmN2E4MDAwMTRhNzZmMmU1MTMyY2RlNDY3NzE0NmE0NjhlMDhi,ประกอบด้วยแบรนด์พรุนพลัสกรีนคอฟฟี่บีน 42 มล. 42 มล. 6 ขวด,THB,217,204,1
BRS14007431,ชุดของขวัญแบรนด์เบอร์รี่พลัสบ็อกบิลเบอร์รี่ 42 มล. 6 ขวด,https://store.brandsworld.co.th/%E0%B8%9C%E0%B8%A5%E0%B8%B4%E0%B8%95%E0%B8%A0%E0%B8%B1%E0%B8%93%E0%B8%91%E0%B9%8C%E0%B9%81%E0%B8%9A%E0%B8%A3%E0%B8%99%E0%B8%94%E0%B9%8C/%E0%B8%81%E0%B8%A3%E0%B8%B0%E0%B9%80%E0%B8%8A%E0%B9%89%E0%B8%B2%E0%B9%81%E0%B8%A5%E0%B8%B0%E0%B8%81%E0%B8%A5%E0%B9%88%E0%B8%AD%E0%B8%87%E0%B8%82%E0%B8%AD%E0%B8%87%E0%B8%82%E0%B8%A7%E0%B8%B1%E0%B8%8D-/%E0%B8%81%E0%B8%A5%E0%B9%88%E0%B8%AD%E0%B8%87%E0%B8%82%E0%B8%AD%E0%B8%87%E0%B8%82%E0%B8%A7%E0%B8%B1%E0%B8%8D/%E0%B8%8A%E0%B8%B8%E0%B8%94%E0%B8%82%E0%B8%AD%E0%B8%87%E0%B8%82%E0%B8%A7%E0%B8%B1%E0%B8%8D%E0%B9%81%E0%B8%9A%E0%B8%A3%E0%B8%99%E0%B8%94%E0%B9%8C%E0%B9%80%E0%B8%9A%E0%B8%AD%E0%B8%A3%E0%B9%8C%E0%B8%A3%E0%B8%B5%E0%B9%88%E0%B8%9E%E0%B8%A5%E0%B8%B1%E0%B8%AA%E0%B8%9A%E0%B9%87%E0%B8%AD%E0%B8%81%E0%B8%9A%E0%B8%B4%E0%B8%A5%E0%B9%80%E0%B8%9A%E0%B8%AD%E0%B8%A3%E0%B9%8C%E0%B8%A3%E0%B8%B5%E0%B9%88-42-%E0%B8%A1%E0%B8%A5-6-%E0%B8%82%E0%B8%A7%E0%B8%94/p/000000000014007431?productArs=false,https://store.brandsworld.co.th/medias/14007431-1200x1200.jpg?context=bWFzdGVyfGltYWdlc3w1MzIwMDZ8aW1hZ2UvanBlZ3xhREF5TDJnMFpDODVOREl4T0RVM01USTRORGM0THpFME1EQTNORE14WHpFeU1EQjRNVEl3TUM1cWNHY3wyNThjNzk0MTQ1ODM3MWVmYmVlYzdiY2U4MDdhZjI2MDMyMDEzN2ExMjQ1YTUyYjc4ZWQwNmI0ZWFjZDRiNDU1,ประกอบด้วย แบรนด์เบอร์รี่พลัสบ็อกบิลเบอร์รี่ 42 มล. 6 ขวด,THB,217,204,1
BRS14007428,ชุดของขวัญแบรนด์รังนกแท้ ไซลิทอล 42 มล. 9 ขวด,https://store.brandsworld.co.th/%E0%B8%9C%E0%B8%A5%E0%B8%B4%E0%B8%95%E0%B8%A0%E0%B8%B1%E0%B8%93%E0%B8%91%E0%B9%8C%E0%B9%81%E0%B8%9A%E0%B8%A3%E0%B8%99%E0%B8%94%E0%B9%8C/%E0%B8%81%E0%B8%A3%E0%B8%B0%E0%B9%80%E0%B8%8A%E0%B9%89%E0%B8%B2%E0%B9%81%E0%B8%A5%E0%B8%B0%E0%B8%81%E0%B8%A5%E0%B9%88%E0%B8%AD%E0%B8%87%E0%B8%82%E0%B8%AD%E0%B8%87%E0%B8%82%E0%B8%A7%E0%B8%B1%E0%B8%8D-/%E0%B8%81%E0%B8%A5%E0%B9%88%E0%B8%AD%E0%B8%87%E0%B8%82%E0%B8%AD%E0%B8%87%E0%B8%82%E0%B8%A7%E0%B8%B1%E0%B8%8D/%E0%B8%8A%E0%B8%B8%E0%B8%94%E0%B8%82%E0%B8%AD%E0%B8%87%E0%B8%82%E0%B8%A7%E0%B8%B1%E0%B8%8D%E0%B9%81%E0%B8%9A%E0%B8%A3%E0%B8%99%E0%B8%94%E0%B9%8C%E0%B8%A3%E0%B8%B1%E0%B8%87%E0%B8%99%E0%B8%81%E0%B9%81%E0%B8%97%E0%B9%89-%E0%B8%AA%E0%B8%B9%E0%B8%95%E0%B8%A3%E0%B9%84%E0%B8%8B%E0%B8%A5%E0%B8%B4%E0%B8%97%E0%B8%AD%E0%B8%A5-42-%E0%B8%A1%E0%B8%A5-9-%E0%B8%82%E0%B8%A7%E0%B8%94/p/000000000014007428?productArs=false,https://store.brandsworld.co.th/medias/14007428-1200x1200.jpg?context=bWFzdGVyfGltYWdlc3w1MzgxNzl8aW1hZ2UvanBlZ3xoMDUvaGU5Lzk0MjE4NTQzNzU5NjYvMTQwMDc0MjhfMTIwMHgxMjAwLmpwZ3wwM2E2ZjZkMzE0NjcyMTA4NDU4MTIyN2E2N2YzOGE5NzljMDY2YTc2NzM0YzJkOWNkOWM4Yjc1YmE4M2MxOGY2,ประกอบด้วย แบรนด์รังนกแท้ สูตรไซลิทอล 42 มล. จำนวน 9 ขวด,THB,944,900,1
BRS14007421,ชุดของขวัญแบรนด์ซุปไก่สกัด 42 มล. จำนวน 6 ขวด + แบรนด์รังนกแท้ สูตรคลาสสิค 42 มล. จำนวน 5 ขวด,https://store.brandsworld.co.th/%E0%B8%9C%E0%B8%A5%E0%B8%B4%E0%B8%95%E0%B8%A0%E0%B8%B1%E0%B8%93%E0%B8%91%E0%B9%8C%E0%B9%81%E0%B8%9A%E0%B8%A3%E0%B8%99%E0%B8%94%E0%B9%8C/%E0%B8%81%E0%B8%A3%E0%B8%B0%E0%B9%80%E0%B8%8A%E0%B9%89%E0%B8%B2%E0%B9%81%E0%B8%A5%E0%B8%B0%E0%B8%81%E0%B8%A5%E0%B9%88%E0%B8%AD%E0%B8%87%E0%B8%82%E0%B8%AD%E0%B8%87%E0%B8%82%E0%B8%A7%E0%B8%B1%E0%B8%8D-/%E0%B8%81%E0%B8%A5%E0%B9%88%E0%B8%AD%E0%B8%87%E0%B8%82%E0%B8%AD%E0%B8%87%E0%B8%82%E0%B8%A7%E0%B8%B1%E0%B8%8D/%E0%B8%8A%E0%B8%B8%E0%B8%94%E0%B8%82%E0%B8%AD%E0%B8%87%E0%B8%82%E0%B8%A7%E0%B8%B1%E0%B8%8D%E0%B9%81%E0%B8%9A%E0%B8%A3%E0%B8%99%E0%B8%94%E0%B9%8C%E0%B8%8B%E0%B8%B8%E0%B8%9B%E0%B9%84%E0%B8%81%E0%B9%88%E0%B8%AA%E0%B8%81%E0%B8%B1%E0%B8%94-42-%E0%B8%A1%E0%B8%A5-%E0%B8%88%E0%B8%B3%E0%B8%99%E0%B8%A7%E0%B8%99-6-%E0%B8%82%E0%B8%A7%E0%B8%94-%2B-%E0%B9%81%E0%B8%9A%E0%B8%A3%E0%B8%99%E0%B8%94%E0%B9%8C%E0%B8%A3%E0%B8%B1%E0%B8%87%E0%B8%99%E0%B8%81%E0%B9%81%E0%B8%97%E0%B9%89-%E0%B8%AA%E0%B8%B9%E0%B8%95%E0%B8%A3%E0%B8%84%E0%B8%A5%E0%B8%B2%E0%B8%AA%E0%B8%AA%E0%B8%B4%E0%B8%84-42-%E0%B8%A1%E0%B8%A5-%E0%B8%88%E0%B8%B3%E0%B8%99%E0%B8%A7%E0%B8%99-5-%E0%B8%82%E0%B8%A7%E0%B8%94/p/000000000014007421?productArs=false,https://store.brandsworld.co.th/medias/14007421-1200x1200.jpg?context=bWFzdGVyfGltYWdlc3w2MDkyOTl8aW1hZ2UvanBlZ3xoNDcvaDUxLzk0MjE4NDkxNjU4NTQvMTQwMDc0MjFfMTIwMHgxMjAwLmpwZ3xmZWY2YjM3MGI1NzYwZDU3MmE3OWM0MzMwYzBmM2EzNWFhNWU4NGUxMjBiNGQ2ZTMwMTNjY2Y4OTZlZmQ1NGEz,ประกอบด้วย แบรนด์ซุปไก่สกัด 42 มล. จำนวน 6 ขวด+แบรนด์รังนกแท้ สูตรคลาสสิค 42 มล. จำนวน 5 ขวด,THB,839,735,1
BRS14007416,ชุดของขวัญแบรนด์เบอร์รี่พลัสบ็อกบิลเบอร์รี่ 42 มล. 11 ขวด,https://store.brandsworld.co.th/%E0%B8%9C%E0%B8%A5%E0%B8%B4%E0%B8%95%E0%B8%A0%E0%B8%B1%E0%B8%93%E0%B8%91%E0%B9%8C%E0%B9%81%E0%B8%9A%E0%B8%A3%E0%B8%99%E0%B8%94%E0%B9%8C/%E0%B8%81%E0%B8%A3%E0%B8%B0%E0%B9%80%E0%B8%8A%E0%B9%89%E0%B8%B2%E0%B9%81%E0%B8%A5%E0%B8%B0%E0%B8%81%E0%B8%A5%E0%B9%88%E0%B8%AD%E0%B8%87%E0%B8%82%E0%B8%AD%E0%B8%87%E0%B8%82%E0%B8%A7%E0%B8%B1%E0%B8%8D-/%E0%B8%81%E0%B8%A5%E0%B9%88%E0%B8%AD%E0%B8%87%E0%B8%82%E0%B8%AD%E0%B8%87%E0%B8%82%E0%B8%A7%E0%B8%B1%E0%B8%8D/%E0%B8%8A%E0%B8%B8%E0%B8%94%E0%B8%82%E0%B8%AD%E0%B8%87%E0%B8%82%E0%B8%A7%E0%B8%B1%E0%B8%8D%E0%B9%81%E0%B8%9A%E0%B8%A3%E0%B8%99%E0%B8%94%E0%B9%8C%E0%B9%80%E0%B8%9A%E0%B8%AD%E0%B8%A3%E0%B9%8C%E0%B8%A3%E0%B8%B5%E0%B9%88%E0%B8%9E%E0%B8%A5%E0%B8%B1%E0%B8%AA%E0%B8%9A%E0%B9%87%E0%B8%AD%E0%B8%81%E0%B8%9A%E0%B8%B4%E0%B8%A5%E0%B9%80%E0%B8%9A%E0%B8%AD%E0%B8%A3%E0%B9%8C%E0%B8%A3%E0%B8%B5%E0%B9%88-42-%E0%B8%A1%E0%B8%A5-11-%E0%B8%82%E0%B8%A7%E0%B8%94/p/000000000014007416?productArs=false,https://store.brandsworld.co.th/medias/14007416-1200x1200.jpg?context=bWFzdGVyfGltYWdlc3w1NDkwMTh8aW1hZ2UvanBlZ3xoYzEvaDNjLzk0MjE4NDQwNTQwNDYvMTQwMDc0MTZfMTIwMHgxMjAwLmpwZ3xlOWI4NDI4ZGEwYmM2OGUyODhlOWMzZGIxYzc0ZWZmMzkwMjgxMDdhNWQwMTMwZTU4NGFlODkzMGY5NzdkMjll,ประกอบด้วย แบรนด์เบอร์รี่พลัสบ็อกบิลเบอร์รี่ 42 มล. 11 ขวด,THB,422,392,1
BRS14007417,ชุดของขวัญแบรนด์พรุนพลัสกรีนคอฟฟี่บีน 42 มล. 11 ขวด,https://store.brandsworld.co.th/%E0%B8%9C%E0%B8%A5%E0%B8%B4%E0%B8%95%E0%B8%A0%E0%B8%B1%E0%B8%93%E0%B8%91%E0%B9%8C%E0%B9%81%E0%B8%9A%E0%B8%A3%E0%B8%99%E0%B8%94%E0%B9%8C/%E0%B8%81%E0%B8%A3%E0%B8%B0%E0%B9%80%E0%B8%8A%E0%B9%89%E0%B8%B2%E0%B9%81%E0%B8%A5%E0%B8%B0%E0%B8%81%E0%B8%A5%E0%B9%88%E0%B8%AD%E0%B8%87%E0%B8%82%E0%B8%AD%E0%B8%87%E0%B8%82%E0%B8%A7%E0%B8%B1%E0%B8%8D-/%E0%B8%81%E0%B8%A5%E0%B9%88%E0%B8%AD%E0%B8%87%E0%B8%82%E0%B8%AD%E0%B8%87%E0%B8%82%E0%B8%A7%E0%B8%B1%E0%B8%8D/%E0%B8%8A%E0%B8%B8%E0%B8%94%E0%B8%82%E0%B8%AD%E0%B8%87%E0%B8%82%E0%B8%A7%E0%B8%B1%E0%B8%8D%E0%B9%81%E0%B8%9A%E0%B8%A3%E0%B8%99%E0%B8%94%E0%B9%8C%E0%B8%9E%E0%B8%A3%E0%B8%B8%E0%B8%99%E0%B8%9E%E0%B8%A5%E0%B8%B1%E0%B8%AA%E0%B8%81%E0%B8%A3%E0%B8%B5%E0%B8%99%E0%B8%84%E0%B8%AD%E0%B8%9F%E0%B8%9F%E0%B8%B5%E0%B9%88%E0%B8%9A%E0%B8%B5%E0%B8%99-42-%E0%B8%A1%E0%B8%A5-11-%E0%B8%82%E0%B8%A7%E0%B8%94/p/000000000014007417?productArs=false,https://store.brandsworld.co.th/medias/14007417-1200x1200.jpg?context=bWFzdGVyfGltYWdlc3w1NDI3NTB8aW1hZ2UvanBlZ3xoYWUvaDViLzk0MjE4NDQ5NzE1NTAvMTQwMDc0MTdfMTIwMHgxMjAwLmpwZ3w3MDlkNmEzNmM5ZTMyNzI2ZDhkMjI4ZTU4MTk2MGQzZGFkZTI0MTg1NjNjNzlkODYxOTU1ZDk3YTk4ZmVkNWYx,ประกอบด้วย แบรนด์พรุนพลัสกรีนคอฟฟี่บีน 42 มล. 11 ขวด,THB,422,392,1
BRS14007433,กระเช้าแบรนด์ Smart Hamper (Hamper C),https://store.brandsworld.co.th/%E0%B8%9C%E0%B8%A5%E0%B8%B4%E0%B8%95%E0%B8%A0%E0%B8%B1%E0%B8%93%E0%B8%91%E0%B9%8C%E0%B9%81%E0%B8%9A%E0%B8%A3%E0%B8%99%E0%B8%94%E0%B9%8C/%E0%B8%81%E0%B8%A3%E0%B8%B0%E0%B9%80%E0%B8%8A%E0%B9%89%E0%B8%B2%E0%B9%81%E0%B8%A5%E0%B8%B0%E0%B8%81%E0%B8%A5%E0%B9%88%E0%B8%AD%E0%B8%87%E0%B8%82%E0%B8%AD%E0%B8%87%E0%B8%82%E0%B8%A7%E0%B8%B1%E0%B8%8D-/%E0%B8%81%E0%B8%A3%E0%B8%B0%E0%B9%80%E0%B8%8A%E0%B9%89%E0%B8%B2%E0%B8%82%E0%B8%AD%E0%B8%87%E0%B8%82%E0%B8%A7%E0%B8%B1%E0%B8%8D/%E0%B8%81%E0%B8%A3%E0%B8%B0%E0%B9%80%E0%B8%8A%E0%B9%89%E0%B8%B2%E0%B9%81%E0%B8%9A%E0%B8%A3%E0%B8%99%E0%B8%94%E0%B9%8C-Smart-Hamper-%28Hamper-C%29/p/000000000014007433?productArs=false,https://store.brandsworld.co.th/medias/14007433-1200x1200.jpg?context=bWFzdGVyfGltYWdlc3w2ODMzNzV8aW1hZ2UvanBlZ3xoNTUvaGI2Lzk0MjE4NjE3MTU5OTgvMTQwMDc0MzNfMTIwMHgxMjAwLmpwZ3w0MDlhM2RlNjQwMWI1MDliNjlhZDFmMzViODU2MWZkODJiMmE2OGE5OGRmY2I5NmZkNDAyYTk2MjBiZTVkMmZl,ประกอบด้วย แบรนด์ซุปไก่สกัดสูตรต้นตำรับ 42 มล. 10 ขวด,THB,460,419,1
BRS14007430,กระเช้าแบรนด์ Wealthy Hamper (Hamper L),https://store.brandsworld.co.th/%E0%B8%9C%E0%B8%A5%E0%B8%B4%E0%B8%95%E0%B8%A0%E0%B8%B1%E0%B8%93%E0%B8%91%E0%B9%8C%E0%B9%81%E0%B8%9A%E0%B8%A3%E0%B8%99%E0%B8%94%E0%B9%8C/%E0%B8%81%E0%B8%A3%E0%B8%B0%E0%B9%80%E0%B8%8A%E0%B9%89%E0%B8%B2%E0%B9%81%E0%B8%A5%E0%B8%B0%E0%B8%81%E0%B8%A5%E0%B9%88%E0%B8%AD%E0%B8%87%E0%B8%82%E0%B8%AD%E0%B8%87%E0%B8%82%E0%B8%A7%E0%B8%B1%E0%B8%8D-/%E0%B8%81%E0%B8%A3%E0%B8%B0%E0%B9%80%E0%B8%8A%E0%B9%89%E0%B8%B2%E0%B8%82%E0%B8%AD%E0%B8%87%E0%B8%82%E0%B8%A7%E0%B8%B1%E0%B8%8D/%E0%B8%81%E0%B8%A3%E0%B8%B0%E0%B9%80%E0%B8%8A%E0%B9%89%E0%B8%B2%E0%B9%81%E0%B8%9A%E0%B8%A3%E0%B8%99%E0%B8%94%E0%B9%8C-Wealthy-Hamper-%28Hamper-L%29/p/000000000014007430?productArs=false,https://store.brandsworld.co.th/medias/14007430-1200x1200.jpg?context=bWFzdGVyfGltYWdlc3wxMDQyNjc1fGltYWdlL2pwZWd8aDgzL2gxOS85NDIxODU2MjEwOTc0LzE0MDA3NDMwXzEyMDB4MTIwMC5qcGd8ZmM1ODhiMDcxOGEzMjQzNzRiOTZjM2Y1NDBjZTdlMGYxYTA4YWFlY2E3OGQ0NmIwNmRhOGMwNWIyNTI4MWJhNA,ประกอบด้วย แบรนด์รังนกแท้ สูตรคลาสสิค 42 มล. จำนวน 10 ขวด,THB,1126,1015,1
BRS14008570,ผลิตภัณฑ์ทดแทนมื้ออาหาร รสโกโก้(อาหารควบคุมหรือลดน้ำหนัก) (ตรา ซันโทรี่),https://store.brandsworld.co.th/%E0%B8%9C%E0%B8%A5%E0%B8%B4%E0%B8%95%E0%B8%A0%E0%B8%B1%E0%B8%93%E0%B8%91%E0%B9%8C%E0%B9%81%E0%B8%9A%E0%B8%A3%E0%B8%99%E0%B8%94%E0%B9%8C/%E0%B8%9C%E0%B8%A5%E0%B8%B4%E0%B8%95%E0%B8%A0%E0%B8%B1%E0%B8%93%E0%B8%91%E0%B9%8C/%E0%B8%9C%E0%B8%A5%E0%B8%B4%E0%B8%95%E0%B8%A0%E0%B8%B1%E0%B8%93%E0%B8%91%E0%B9%8C%E0%B8%97%E0%B8%94%E0%B9%81%E0%B8%97%E0%B8%99%E0%B8%A1%E0%B8%B7%E0%B9%89%E0%B8%AD%E0%B8%AD%E0%B8%B2%E0%B8%AB%E0%B8%B2%E0%B8%A3/%E0%B8%9C%E0%B8%A5%E0%B8%B4%E0%B8%95%E0%B8%A0%E0%B8%B1%E0%B8%93%E0%B8%91%E0%B9%8C%E0%B8%97%E0%B8%94%E0%B9%81%E0%B8%97%E0%B8%99%E0%B8%A1%E0%B8%B7%E0%B9%89%E0%B8%AD%E0%B8%AD%E0%B8%B2%E0%B8%AB%E0%B8%B2%E0%B8%A3-%E0%B8%A3%E0%B8%AA%E0%B9%82%E0%B8%81%E0%B9%82%E0%B8%81%E0%B9%89%28%E0%B8%AD%E0%B8%B2%E0%B8%AB%E0%B8%B2%E0%B8%A3%E0%B8%84%E0%B8%A7%E0%B8%9A%E0%B8%84%E0%B8%B8%E0%B8%A1%E0%B8%AB%E0%B8%A3%E0%B8%B7%E0%B8%AD%E0%B8%A5%E0%B8%94%E0%B8%99%E0%B9%89%E0%B8%B3%E0%B8%AB%E0%B8%99%E0%B8%B1%E0%B8%81%29-%28%E0%B8%95%E0%B8%A3%E0%B8%B2-%E0%B8%8B%E0%B8%B1%E0%B8%99%E0%B9%82%E0%B8%97%E0%B8%A3%E0%B8%B5%E0%B9%88%29/p/000000000014008570?productArs=false,https://store.brandsworld.co.th/medias/14008570-EC-1200x1200.png?context=bWFzdGVyfGltYWdlc3wzNTQ4MjJ8aW1hZ2UvcG5nfGFHSXpMMmd6WlM4eE1EQTNPRFl6TlRjMU16VXdNaTh4TkRBd09EVTNNRjlGUTE4eE1qQXdlREV5TURBdWNHNW58MTA2ZjU5NGQ1YWJkODhjYTk3YTQ2MzNiZjI4NWEyY2M0YTMzYjI5MTQ0NGM2YWI2NzM0MzFiNGFlODliY2RkYw,ประกอบด้วย แบรนด์รังนกแท้ สูตรคลาสสิค 42 มล. จำนวน 10 ขวด,THB,1760,1760,1
BRS14008833,แบรนด์รังนกแท้ สูตรคลาสสิค ผสมน้ำตาลกรวด 42 มล.,https://store.brandsworld.co.th/%E0%B8%9C%E0%B8%A5%E0%B8%B4%E0%B8%95%E0%B8%A0%E0%B8%B1%E0%B8%93%E0%B8%91%E0%B9%8C%E0%B9%81%E0%B8%9A%E0%B8%A3%E0%B8%99%E0%B8%94%E0%B9%8C/%E0%B8%9C%E0%B8%A5%E0%B8%B4%E0%B8%95%E0%B8%A0%E0%B8%B1%E0%B8%93%E0%B8%91%E0%B9%8C/%E0%B9%81%E0%B8%9A%E0%B8%A3%E0%B8%99%E0%B8%94%E0%B9%8C%E0%B8%A3%E0%B8%B1%E0%B8%87%E0%B8%99%E0%B8%81%E0%B9%81%E0%B8%97%E0%B9%89/%E0%B9%81%E0%B8%9A%E0%B8%A3%E0%B8%99%E0%B8%94%E0%B9%8C%E0%B8%A3%E0%B8%B1%E0%B8%87%E0%B8%99%E0%B8%81%E0%B9%81%E0%B8%97%E0%B9%89-%E0%B8%AA%E0%B8%B9%E0%B8%95%E0%B8%A3%E0%B8%84%E0%B8%A5%E0%B8%B2%E0%B8%AA%E0%B8%AA%E0%B8%B4%E0%B8%84-%E0%B8%9C%E0%B8%AA%E0%B8%A1%E0%B8%99%E0%B9%89%E0%B8%B3%E0%B8%95%E0%B8%B2%E0%B8%A5%E0%B8%81%E0%B8%A3%E0%B8%A7%E0%B8%94-42-%E0%B8%A1%E0%B8%A5-/p/000000000014008833,https://store.brandsworld.co.th/medias/14008833-1200x1200.jpg?context=bWFzdGVyfGltYWdlc3w0Nzg3NTl8aW1hZ2UvanBlZ3xhR1pqTDJnMU5TOHhNREExT1RNMU5qTTNNekF5TWk4eE5EQXdPRGd6TTE4eE1qQXdlREV5TURBdWFuQm58YWNhZjgwYjA4ODg0ZGQxOWI1MTQxMjQ3NDQ3YTgxM2FkZTdiN2VjMTIzNDNmNTIwNzQ0YzIwZWQ4YzIxN2M5MA,ประกอบด้วย แบรนด์รังนกแท้ สูตรคลาสสิค 42 มล. จำนวน 10 ขวด,THB,545,545,1